テンジョウ,1階,Ｌ・Ｄ・Ｋ,せっこうボード,GB-R,910.0×1820.0×9.5,1,1.6562,&は - $８〜&に - $10,23,ベベル,9.5,910,1820,○,−,(戸)門沢橋3丁目2048番　B号棟
テンジョウ,1階,Ｌ・Ｄ・Ｋ,せっこうボード,GB-R,910.0×1820.0×9.5,1,1.6562,&ほ - $８〜&へ - $10,13,ベベル,9.5,910,1820,○,−,(戸)門沢橋3丁目2048番　B号棟
テンジョウ,1階,Ｌ・Ｄ・Ｋ,せっこうボード,GB-R,910.0×1820.0×9.5,1,1.6562,&は - $６〜&に - $８,22,ベベル,9.5,910,1820,○,−,(戸)門沢橋3丁目2048番　B号棟
テンジョウ,1階,Ｌ・Ｄ・Ｋ,せっこうボード,GB-R,910.0×1820.0×9.5,1,1.6562,&は - $４〜&に - $６,21,ベベル,9.5,910,1820,○,−,(戸)門沢橋3丁目2048番　B号棟
テンジョウ,1階,Ｌ・Ｄ・Ｋ,せっこうボード,GB-R,910.0×1820.0×9.5,1,1.6562,&ほ - $４〜&へ - $６,11,ベベル,9.5,910,1820,○,−,(戸)門沢橋3丁目2048番　B号棟
テンジョウ,1階,Ｌ・Ｄ・Ｋ,せっこうボード,GB-R,910.0×1820.0×9.5,1,1.6562,&は - $２〜&に - $４,20,ベベル,9.5,910,1820,○,−,(戸)門沢橋3丁目2048番　B号棟
テンジョウ,1階,Ｌ・Ｄ・Ｋ,せっこうボード,GB-R,910.0×1820.0×9.5,1,1.6562,&ほ - $２〜&へ - $４,10,ベベル,9.5,910,1820,○,−,(戸)門沢橋3丁目2048番　B号棟
テンジョウ,1階,Ｌ・Ｄ・Ｋ,せっこうボード,GB-R,910.0×1820.0×9.5,1,1.6562,&に - $７〜&ほ - $９,18,ベベル,9.5,910,1820,○,−,(戸)門沢橋3丁目2048番　B号棟
テンジョウ,1階,Ｌ・Ｄ・Ｋ,せっこうボード,GB-R,910.0×1820.0×9.5,1,1.6562,&に - $５〜&ほ - $７,17,ベベル,9.5,910,1820,○,−,(戸)門沢橋3丁目2048番　B号棟
テンジョウ,1階,Ｌ・Ｄ・Ｋ,せっこうボード,GB-R,910.0×1820.0×9.5,1,1.6562,&に - $３〜&ほ - $５,16,ベベル,9.5,910,1820,○,−,(戸)門沢橋3丁目2048番　B号棟
テンジョウ,1階,Ｌ・Ｄ・Ｋ,せっこうボード,GB-R,910.0×1697.5×9.5,1,1.5448,&ほ - $６〜&へ - &７,12,ベベル,9.5,910,1697,−,−,(戸)門沢橋3丁目2048番　B号棟
テンジョウ,1階,Ｌ・Ｄ・Ｋ,せっこうボード,GB-R,910.0×1242.5×9.5,1,1.1307,&に - $９〜&ほ - *10,19,ベベル,9.5,910,1242,−,−,(戸)門沢橋3丁目2048番　B号棟
テンジョウ,1階,Ｌ・Ｄ・Ｋ,せっこうボード,GB-R,910.0×910.0×9.5,1,0.8281,&に -  ２〜&ほ - $３,15,ベベル,9.5,910,910,−,−,(戸)門沢橋3丁目2048番　B号棟
テンジョウ,1階,Ｌ・Ｄ・Ｋ,せっこうボード,GB-R,792.5×922.5×9.5,1,0.7311,$は - $６〜&は - $７,28,ベベル,9.5,792,922,−,−,(戸)門沢橋3丁目2048番　B号棟
テンジョウ,1階,Ｌ・Ｄ・Ｋ,せっこうボード,GB-R,787.5×1820.0×9.5,1,1.4333, は - $７〜&は - $９,29,ベベル,9.5,787,1820,−,−,(戸)門沢橋3丁目2048番　B号棟
テンジョウ,1階,Ｌ・Ｄ・Ｋ,せっこうボード,GB-R,787.5×1242.5×9.5,1,0.9785, は - $９〜&は - *10,30,ベベル,9.5,787,1242,−,−,(戸)門沢橋3丁目2048番　B号棟
テンジョウ,1階,Ｌ・Ｄ・Ｋ,せっこうボード,GB-R,332.5×910.0×9.5,1,0.3026,&は - $10〜&に - *10,24,ベベル,9.5,332,910,−,−,(戸)門沢橋3丁目2048番　B号棟
テンジョウ,1階,Ｌ・Ｄ・Ｋ,せっこうボード,GB-R,332.5×910.0×9.5,1,0.3026,&ほ - $10〜&へ - *10,14,ベベル,9.5,332,910,−,−,(戸)門沢橋3丁目2048番　B号棟
テンジョウ,1階,Ｌ・Ｄ・Ｋ,せっこうボード,GB-R,320.0×1820.0×9.5,1,0.5824,*は - $３〜&は - $５,26,ベベル,9.5,320,1820,−,−,(戸)門沢橋3丁目2048番　B号棟
テンジョウ,1階,Ｌ・Ｄ・Ｋ,せっこうボード,GB-R,320.0×910.0×9.5,1,0.2912,*は -  ２〜&は - $３,25,ベベル,9.5,320,910,−,−,(戸)門沢橋3丁目2048番　B号棟
テンジョウ,1階,Ｌ・Ｄ・Ｋ,せっこうボード,GB-R,320.0×897.5×9.5,1,0.2872,&は - $５〜&は - $６,27,ベベル,9.5,320,897,−,−,(戸)門沢橋3丁目2048番　B号棟
テンジョウ,1階,ホール,せっこうボード,GB-R,800.0×1487.5×9.5,1,1.19,$ろ - &５〜&ろ - &７,5,ベベル,9.5,800,1487,−,−,(戸)門沢橋3丁目2048番　B号棟
テンジョウ,1階,ホール,せっこうボード,GB-R,787.5×800.0×9.5,1,0.63,$ろ - &７〜&ろ - $８,6,ベベル,9.5,787,800,−,−,(戸)門沢橋3丁目2048番　B号棟
テンジョウ,1階,ホール,せっこうボード,GB-R,442.5×1242.5×9.5,1,0.5498,&い - &４〜$ろ - &５,2,ベベル,9.5,442,1242,−,−,(戸)門沢橋3丁目2048番　B号棟
テンジョウ,1階,ホール,せっこうボード,GB-R,345.0×1242.5×9.5,1,0.4287,$は - &４〜$は - &５,8,ベベル,9.5,345,1242,−,−,(戸)門沢橋3丁目2048番　B号棟
テンジョウ,1階,ホール,せっこうボード,GB-R,332.5×910.0×9.5,1,0.3026,$ろ - &５〜$は - &５,4,ベベル,9.5,332,910,−,−,(戸)門沢橋3丁目2048番　B号棟
テンジョウ,1階,玄関,せっこうボード,GB-R,910.0×1820.0×9.5,1,1.6562,$ろ - &３〜$は - &５,3,ベベル,9.5,910,1820,○,−,(戸)門沢橋3丁目2048番　B号棟
テンジョウ,1階,玄関,せっこうボード,GB-R,442.5×910.0×9.5,1,0.4027,&い - &３〜$ろ - &４,1,ベベル,9.5,442,910,−,−,(戸)門沢橋3丁目2048番　B号棟
テンジョウ,1階,玄関,せっこうボード,GB-R,345.0×910.0×9.5,1,0.314,$は - &３〜$は - &４,7,ベベル,9.5,345,910,−,−,(戸)門沢橋3丁目2048番　B号棟
テンジョウ,1階,洗面所,シージングせっこうボード,GB-S,910.0×1710.0×9.5,1,1.5561,$い - *９〜$ろ - *11,40,耐水ベベル,9.5,910,1710,−,−,(戸)門沢橋3丁目2048番　B号棟
テンジョウ,1階,洗面所,シージングせっこうボード,GB-S,787.5×1710.0×9.5,1,1.3466,$ろ - &９〜 は - *11,39,耐水ベベル,9.5,787,1710,−,−,(戸)門沢橋3丁目2048番　B号棟
テンジョウ,1階,トイレ,せっこうボード,GB-R,117.5×800.0×9.5,1,0.094,&ろ - &８〜&ろ - *９,9,ベベル,9.5,117,800,−,−,(戸)門沢橋3丁目2048番　B号棟
テンジョウ,1階,納戸A,せっこうボード,GB-R,910.0×1820.0×9.5,1,1.6562,&に - $11〜&へ - $12,34,ベベル,9.5,910,1820,○,−,(戸)門沢橋3丁目2048番　B号棟
テンジョウ,1階,納戸A,せっこうボード,GB-R,910.0×1820.0×9.5,1,1.6562,&は - $12〜&ほ - $13,32,ベベル,9.5,910,1820,○,−,(戸)門沢橋3丁目2048番　B号棟
テンジョウ,1階,納戸A,せっこうボード,GB-R,910.0×1697.5×9.5,1,1.5448, は - $11〜&に - $12,35,ベベル,9.5,910,1697,−,−,(戸)門沢橋3丁目2048番　B号棟
テンジョウ,1階,納戸A,せっこうボード,GB-R,910.0×910.0×9.5,1,0.8281,&ほ - $12〜 と - $13,31,ベベル,9.5,910,910,−,−,(戸)門沢橋3丁目2048番　B号棟
テンジョウ,1階,納戸A,せっこうボード,GB-R,787.5×1820.0×9.5,1,1.4333,&は - *10〜&ほ - $11,37,ベベル,9.5,787,1820,−,−,(戸)門沢橋3丁目2048番　B号棟
テンジョウ,1階,納戸A,せっこうボード,GB-R,787.5×910.0×9.5,1,0.7166, は - $12〜&は - $13,33,ベベル,9.5,787,910,−,−,(戸)門沢橋3丁目2048番　B号棟
テンジョウ,1階,納戸A,せっこうボード,GB-R,787.5×910.0×9.5,1,0.7166,&ほ - *10〜 と - $11,36,ベベル,9.5,787,910,−,−,(戸)門沢橋3丁目2048番　B号棟
テンジョウ,1階,納戸A,せっこうボード,GB-R,787.5×787.5×9.5,1,0.6202, は - *10〜&は - $11,38,ベベル,9.5,787,787,−,−,(戸)門沢橋3丁目2048番　B号棟
テンジョウ,2階,階段,せっこうボード,GB-R,787.5×910.0×9.5,1,0.7166,$い - $８〜&い - *９,219,ベベル,9.5,787,910,−,−,(戸)門沢橋3丁目2048番　B号棟
テンジョウ,2階,階段,せっこうボード,GB-R,682.5×787.5×9.5,1,0.5375,&い - &８〜&ろ - $９,222,ベベル,9.5,682,787,−,−,(戸)門沢橋3丁目2048番　B号棟
テンジョウ,2階,階段,せっこうボード,GB-R,636.5×787.5×9.5,1,0.5013,$い -  ７〜 ろ - &７,221,ベベル,9.5,636,787,−,−,(戸)門沢橋3丁目2048番　B号棟
テンジョウ,2階,階段,せっこうボード,GB-R,606.0×787.5×9.5,1,0.4772,$い - &７〜 ろ - $８,220,ベベル,9.5,606,787,−,−,(戸)門沢橋3丁目2048番　B号棟
テンジョウ,2階,トイレ,せっこうボード,GB-R,800.0×910.0×9.5,1,0.728, ろ - $７〜 は - $８,214,ベベル,9.5,800,910,−,−,(戸)門沢橋3丁目2048番　B号棟
テンジョウ,2階,トイレ,せっこうボード,GB-R,345.0×800.0×9.5,1,0.276,$ろ -  ７〜 は - $７,215,ベベル,9.5,345,800,−,−,(戸)門沢橋3丁目2048番　B号棟
テンジョウ,2階,ホール,せっこうボード,GB-R,800.0×1820.0×9.5,1,1.456,$は - $７〜&は - $９,216,ベベル,9.5,800,1820,−,−,(戸)門沢橋3丁目2048番　B号棟
テンジョウ,2階,ホール,せっこうボード,GB-R,800.0×1242.5×9.5,1,0.994, は -  ６〜&は - $７,217,ベベル,9.5,800,1242,−,−,(戸)門沢橋3丁目2048番　B号棟
テンジョウ,2階,ホール,せっこうボード,GB-R,227.5×787.5×9.5,1,0.1792,&ろ - &８〜$は - $９,218,ベベル,9.5,227,787,−,−,(戸)門沢橋3丁目2048番　B号棟
テンジョウ,2階,洋室A,せっこうボード,GB-R,910.0×1820.0×9.5,1,1.6562,&ほ - $２〜&へ - $４,227,ベベル,9.5,910,1820,○,−,(戸)門沢橋3丁目2048番　B号棟
テンジョウ,2階,洋室A,せっこうボード,GB-R,910.0×1820.0×9.5,1,1.6562,&ほ - $４〜&へ - $６,226,ベベル,9.5,910,1820,○,−,(戸)門沢橋3丁目2048番　B号棟
テンジョウ,2階,洋室A,せっこうボード,GB-R,910.0×1820.0×9.5,1,1.6562,&ほ - $６〜&へ - $８,225,ベベル,9.5,910,1820,○,−,(戸)門沢橋3丁目2048番　B号棟
テンジョウ,2階,洋室A,せっこうボード,GB-R,910.0×1820.0×9.5,1,1.6562,&ほ - $８〜&へ - $10,224,ベベル,9.5,910,1820,○,−,(戸)門沢橋3丁目2048番　B号棟
テンジョウ,2階,洋室A,せっこうボード,GB-R,910.0×1820.0×9.5,1,1.6562,&ほ - $10〜&へ - $12,223,ベベル,9.5,910,1820,○,−,(戸)門沢橋3丁目2048番　B号棟
テンジョウ,2階,洋室A,せっこうボード,GB-R,910.0×1820.0×9.5,1,1.6562,&に - $３〜&ほ - $５,233,ベベル,9.5,910,1820,○,−,(戸)門沢橋3丁目2048番　B号棟
テンジョウ,2階,洋室A,せっこうボード,GB-R,910.0×1820.0×9.5,1,1.6562,&に - $５〜&ほ - $７,232,ベベル,9.5,910,1820,○,−,(戸)門沢橋3丁目2048番　B号棟
テンジョウ,2階,洋室A,せっこうボード,GB-R,910.0×1820.0×9.5,1,1.6562,&に - $７〜&ほ - $９,231,ベベル,9.5,910,1820,○,−,(戸)門沢橋3丁目2048番　B号棟
テンジョウ,2階,洋室A,せっこうボード,GB-R,910.0×1820.0×9.5,1,1.6562,&に - $９〜&ほ - $11,230,ベベル,9.5,910,1820,○,−,(戸)門沢橋3丁目2048番　B号棟
テンジョウ,2階,洋室A,せっこうボード,GB-R,910.0×1230.0×9.5,1,1.1193,&に -  ２〜&ほ - $３,234,ベベル,9.5,910,1230,−,−,(戸)門沢橋3丁目2048番　B号棟
テンジョウ,2階,洋室A,せっこうボード,GB-R,910.0×910.0×9.5,1,0.8281,&に - $11〜&ほ - *12,229,ベベル,9.5,910,910,−,−,(戸)門沢橋3丁目2048番　B号棟
テンジョウ,2階,洋室A,せっこうボード,GB-R,787.5×1820.0×9.5,1,1.4333, に - $２〜&に - $４,239,ベベル,9.5,787,1820,−,−,(戸)門沢橋3丁目2048番　B号棟
テンジョウ,2階,洋室A,せっこうボード,GB-R,787.5×1820.0×9.5,1,1.4333, に - $４〜&に - $６,238,ベベル,9.5,787,1820,−,−,(戸)門沢橋3丁目2048番　B号棟
テンジョウ,2階,洋室A,せっこうボード,GB-R,787.5×1820.0×9.5,1,1.4333, に - $６〜&に - $８,237,ベベル,9.5,787,1820,−,−,(戸)門沢橋3丁目2048番　B号棟
テンジョウ,2階,洋室A,せっこうボード,GB-R,787.5×1820.0×9.5,1,1.4333, に - $８〜&に - $10,236,ベベル,9.5,787,1820,−,−,(戸)門沢橋3丁目2048番　B号棟
テンジョウ,2階,洋室A,せっこうボード,GB-R,787.5×1820.0×9.5,1,1.4333, に - $10〜&に - $12,235,ベベル,9.5,787,1820,−,−,(戸)門沢橋3丁目2048番　B号棟
テンジョウ,2階,洋室A,せっこうボード,GB-R,320.0×910.0×9.5,1,0.2912,&ほ -  ２〜&へ - $２,228,ベベル,9.5,320,910,−,−,(戸)門沢橋3丁目2048番　B号棟
テンジョウ,2階,洋室A,せっこうボード,GB-R,320.0×787.5×9.5,1,0.252, に -  ２〜&に - $２,240,ベベル,9.5,320,787,−,−,(戸)門沢橋3丁目2048番　B号棟
テンジョウ,2階,洋室B,せっこうボード,GB-R,910.0×1820.0×9.5,1,1.6562,&い - $４〜&は - $５,205,ベベル,9.5,910,1820,○,−,(戸)門沢橋3丁目2048番　B号棟
テンジョウ,2階,洋室B,せっこうボード,GB-R,910.0×1820.0×9.5,1,1.6562,&い - $２〜&は - $３,201,ベベル,9.5,910,1820,○,−,(戸)門沢橋3丁目2048番　B号棟
テンジョウ,2階,洋室B,せっこうボード,GB-R,910.0×1242.5×9.5,1,1.1307,&ろ - $３〜 に - $４,204,ベベル,9.5,910,1242,−,−,(戸)門沢橋3丁目2048番　B号棟
テンジョウ,2階,洋室B,せっこうボード,GB-R,910.0×910.0×9.5,1,0.8281,*い - $３〜&ろ - $４,203,ベベル,9.5,910,910,−,−,(戸)門沢橋3丁目2048番　B号棟
テンジョウ,2階,洋室B,せっこうボード,GB-R,787.5×1528.0×9.5,1,1.2033,*い - $５〜$は -  ６,207,ベベル,9.5,787,1528,−,−,(戸)門沢橋3丁目2048番　B号棟
テンジョウ,2階,洋室B,せっこうボード,GB-R,454.0×454.0×9.5,1,0.2061,$は - $５〜&は - &５,210,ベベル,9.5,454,454,−,−,(戸)門沢橋3丁目2048番　B号棟
テンジョウ,2階,洋室B,せっこうボード,GB-R,332.5×910.0×9.5,1,0.3026,&は - $４〜 に - $５,206,ベベル,9.5,332,910,−,−,(戸)門沢橋3丁目2048番　B号棟
テンジョウ,2階,洋室B,せっこうボード,GB-R,332.5×910.0×9.5,1,0.3026,&は - $２〜 に - $３,202,ベベル,9.5,332,910,−,−,(戸)門沢橋3丁目2048番　B号棟
テンジョウ,2階,洋室B,せっこうボード,GB-R,170.5×787.5×9.5,1,0.1343,&は - $５〜 に -  ６,211,ベベル,9.5,170,787,−,−,(戸)門沢橋3丁目2048番　B号棟
テンジョウ,2階,洋室B,せっこうボード,GB-R,170.5×454.0×9.5,1,0.0774,$は - &５〜&は -  ６,209,ベベル,9.5,170,454,−,−,(戸)門沢橋3丁目2048番　B号棟
テンジョウ,2階,洋室B,せっこうボード,GB-R,163.0×454.0×9.5,1,0.074,$は - $５〜&は - $５,208,ベベル,9.5,163,454,−,−,(戸)門沢橋3丁目2048番　B号棟
テンジョウ,2階,物入B,せっこうボード,GB-R,787.5×910.0×9.5,1,0.7166,$い -  ６〜$ろ -  ７,212,ベベル,9.5,787,910,−,−,(戸)門沢橋3丁目2048番　B号棟
テンジョウ,2階,物入B,せっこうボード,GB-R,787.5×787.5×9.5,1,0.6202,$ろ - $６〜 は -  ７,213,ベベル,9.5,787,787,−,−,(戸)門沢橋3丁目2048番　B号棟
カベ,1階,Ｌ・Ｄ・Ｋ,せっこうボード,GB-R,910.0×2395.0×12.5,1,2.1795,*は - *２〜*は - *３,57,マーク付きベベル,12.5,910,2395,○,−,(戸)門沢橋3丁目2048番　B号棟
カベ,1階,Ｌ・Ｄ・Ｋ,せっこうボード,GB-R,910.0×2395.0×12.5,1,2.1795,*は - *３〜*は - *４,58,マーク付きベベル,12.5,910,2395,○,−,(戸)門沢橋3丁目2048番　B号棟
カベ,1階,Ｌ・Ｄ・Ｋ,せっこうボード,GB-R,910.0×2031.0×12.5,1,1.8482, は - &６〜 は -  ８,63,ベベル,12.5,910,2031,−,−,(戸)門沢橋3丁目2048番　B号棟
カベ,1階,Ｌ・Ｄ・Ｋ,せっこうボード,GB-R,910.0×931.0×12.5,1,0.8472, と -  ３〜 と -  ５,77,ベベル,12.5,910,931,−,−,(戸)門沢橋3丁目2048番　B号棟
カベ,1階,Ｌ・Ｄ・Ｋ,せっこうボード,GB-R,910.0×914.0×12.5,1,0.8318, と -  ９〜 と -  10,89,ベベル,12.5,910,914,−,−,(戸)門沢橋3丁目2048番　B号棟
カベ,1階,Ｌ・Ｄ・Ｋ,せっこうボード,GB-R,857.5×2395.0×12.5,1,2.0537, と -  ２〜 と -  ３,78,マーク付きベベル,12.5,857,2395,−,−,(戸)門沢橋3丁目2048番　B号棟
カベ,1階,Ｌ・Ｄ・Ｋ,せっこうボード,GB-R,845.0×2395.0×12.5,1,2.0238, へ - *10〜 と - *10,85,マーク付きベベル,12.5,845,2395,−,−,(戸)門沢橋3丁目2048番　B号棟
カベ,1階,Ｌ・Ｄ・Ｋ,せっこうボード,GB-R,402.5×2395.0×12.5,1,0.964, と -  10〜 と - *10,86,ベベル,12.5,402,2395,−,−,(戸)門沢橋3丁目2048番　B号棟
カベ,1階,Ｌ・Ｄ・Ｋ,せっこうボード,GB-R,375.0×910.0×12.5,1,0.3413,*は -  ２〜 と -  ２,79,ベベル,12.5,375,910,−,−,(戸)門沢橋3丁目2048番　B号棟
カベ,1階,Ｌ・Ｄ・Ｋ,せっこうボード,GB-R,375.0×845.0×12.5,1,0.3169,*は -  ２〜 と -  ２,79,ベベル,12.5,375,845,−,−,(戸)門沢橋3丁目2048番　B号棟
カベ,1階,Ｌ・Ｄ・Ｋ,せっこうボード,GB-R,375.0×390.0×12.5,1,0.1463,*は -  ２〜 と -  ２,79,ベベル,12.5,375,390,−,−,(戸)門沢橋3丁目2048番　B号棟
カベ,1階,Ｌ・Ｄ・Ｋ,せっこうボード,GB-R,364.0×910.0×12.5,1,0.3313, は -  ６〜 は -  ８,62,ベベル,12.5,364,910,−,−,(戸)門沢橋3丁目2048番　B号棟
カベ,1階,Ｌ・Ｄ・Ｋ,せっこうボード,GB-R,364.0×857.5×12.5,1,0.3121, は -  ６〜 は -  ８,62,ベベル,12.5,364,857,−,−,(戸)門沢橋3丁目2048番　B号棟
カベ,1階,Ｌ・Ｄ・Ｋ,せっこうボード,GB-R,330.0×910.0×12.5,1,0.3003, と -  ３〜 と -  ５,76,ベベル,12.5,330,910,−,−,(戸)門沢橋3丁目2048番　B号棟
カベ,1階,Ｌ・Ｄ・Ｋ,せっこうボード,GB-R,330.0×910.0×12.5,1,0.3003, と -  ３〜 と -  ５,76,ベベル,12.5,330,910,−,−,(戸)門沢橋3丁目2048番　B号棟
カベ,1階,Ｌ・Ｄ・Ｋ,せっこうボード,GB-R,195.0×910.0×12.5,1,0.1775,$に -  ２〜$ほ -  ２,170,ベベル,12.5,195,910,−,○,(戸)門沢橋3丁目2048番　B号棟
カベ,1階,Ｌ・Ｄ・Ｋ,せっこうボード,GB-R,195.0×910.0×12.5,1,0.1775,$ほ -  ２〜$へ -  ２,169,ベベル,12.5,195,910,−,○,(戸)門沢橋3丁目2048番　B号棟
カベ,1階,Ｌ・Ｄ・Ｋ,せっこうボード,GB-R,195.0×910.0×12.5,1,0.1775, と -  ９〜 と -  10,159,ベベル,12.5,195,910,−,○,(戸)門沢橋3丁目2048番　B号棟
カベ,1階,Ｌ・Ｄ・Ｋ,せっこうボード,GB-R,195.0×910.0×12.5,1,0.1775, と -  ８〜 と -  ９,160,ベベル,12.5,195,910,−,○,(戸)門沢橋3丁目2048番　B号棟
カベ,1階,Ｌ・Ｄ・Ｋ,せっこうボード,GB-R,195.0×910.0×12.5,1,0.1775, と -  ６〜 と -  ７,163,ベベル,12.5,195,910,−,○,(戸)門沢橋3丁目2048番　B号棟
カベ,1階,Ｌ・Ｄ・Ｋ,せっこうボード,GB-R,195.0×910.0×12.5,1,0.1775, と -  ５〜 と -  ６,164,ベベル,12.5,195,910,−,○,(戸)門沢橋3丁目2048番　B号棟
カベ,1階,Ｌ・Ｄ・Ｋ,せっこうボード,GB-R,195.0×910.0×12.5,1,0.1775, と -  ３〜 と -  ４,166,ベベル,12.5,195,910,−,○,(戸)門沢橋3丁目2048番　B号棟
カベ,1階,Ｌ・Ｄ・Ｋ,せっこうボード,GB-R,195.0×910.0×12.5,1,0.1775, と -  ４〜 と -  ５,165,ベベル,12.5,195,910,−,○,(戸)門沢橋3丁目2048番　B号棟
カベ,1階,Ｌ・Ｄ・Ｋ,せっこうボード,GB-R,195.0×910.0×12.5,1,0.1775,*は - *２〜*は - *３,132,ベベル,12.5,195,910,−,○,(戸)門沢橋3丁目2048番　B号棟
カベ,1階,Ｌ・Ｄ・Ｋ,せっこうボード,GB-R,195.0×617.5×12.5,1,0.1204,$へ -  ２〜 と -  ２,168,ベベル,12.5,195,617,−,○,(戸)門沢橋3丁目2048番　B号棟
カベ,1階,Ｌ・Ｄ・Ｋ,せっこうボード,GB-R,195.0×617.5×12.5,1,0.1204,*は -  ２〜$に -  ２,171,ベベル,12.5,195,617,−,○,(戸)門沢橋3丁目2048番　B号棟
カベ,1階,Ｌ・Ｄ・Ｋ,せっこうボード,GB-R,195.0×455.0×12.5,1,0.0887, と -  10〜 と - *10,158,ベベル,12.5,195,455,−,○,(戸)門沢橋3丁目2048番　B号棟
カベ,1階,Ｌ・Ｄ・Ｋ,せっこうボード,GB-R,195.0×455.0×12.5,1,0.0887, と - *７〜 と -  ８,161,ベベル,12.5,195,455,−,○,(戸)門沢橋3丁目2048番　B号棟
カベ,1階,Ｌ・Ｄ・Ｋ,せっこうボード,GB-R,195.0×455.0×12.5,1,0.0887, と -  ７〜 と - *７,162,ベベル,12.5,195,455,−,○,(戸)門沢橋3丁目2048番　B号棟
カベ,1階,Ｌ・Ｄ・Ｋ,せっこうボード,GB-R,195.0×402.5×12.5,1,0.0785,*は -  ２〜*は - *２,131,ベベル,12.5,195,402,−,○,(戸)門沢橋3丁目2048番　B号棟
カベ,1階,Ｌ・Ｄ・Ｋ,せっこうボード,GB-R,910.0×2395.0×12.5,1,2.1795, ほ - *10〜 へ - *10,84,マーク付きベベル,12.5,910,2395,○,−,(戸)門沢橋3丁目2048番　B号棟
カベ,1階,Ｌ・Ｄ・Ｋ,せっこうボード,GB-R,910.0×2395.0×12.5,1,2.1795, に - *10〜 ほ - *10,83,マーク付きベベル,12.5,910,2395,○,−,(戸)門沢橋3丁目2048番　B号棟
カベ,1階,Ｌ・Ｄ・Ｋ,せっこうボード,GB-R,910.0×2395.0×12.5,1,2.1795, は - *８〜 は - *９,65,マーク付きベベル,12.5,910,2395,○,−,(戸)門沢橋3丁目2048番　B号棟
カベ,1階,Ｌ・Ｄ・Ｋ,せっこうボード,GB-R,910.0×2395.0×12.5,1,2.1795,*は -  ５〜*は -  ６,60,マーク付きベベル,12.5,910,2395,○,−,(戸)門沢橋3丁目2048番　B号棟
カベ,1階,Ｌ・Ｄ・Ｋ,せっこうボード,GB-R,910.0×2395.0×12.5,1,2.1795,$に -  ８〜$ほ -  ８,69,マーク付きベベル,12.5,910,2395,○,−,(戸)門沢橋3丁目2048番　B号棟
カベ,1階,Ｌ・Ｄ・Ｋ,せっこうボード,GB-R,910.0×2395.0×12.5,1,2.1795, と -  ５〜 と -  ６,75,マーク付きベベル,12.5,910,2395,○,−,(戸)門沢橋3丁目2048番　B号棟
カベ,1階,Ｌ・Ｄ・Ｋ,せっこうボード,GB-R,910.0×931.0×12.5,1,0.8472, と -  ３〜 と -  ５,77,ベベル,12.5,910,931,−,−,(戸)門沢橋3丁目2048番　B号棟
カベ,1階,Ｌ・Ｄ・Ｋ,せっこうボード,GB-R,910.0×913.0×12.5,1,0.8308, と -  ６〜 と - *７,74,ベベル,12.5,910,913,−,−,(戸)門沢橋3丁目2048番　B号棟
カベ,1階,Ｌ・Ｄ・Ｋ,せっこうボード,GB-R,885.0×2395.0×12.5,1,2.1196,$ほ -  ８〜 へ -  ８,92,マーク付きベベル,12.5,885,2395,−,−,(戸)門沢橋3丁目2048番　B号棟
カベ,1階,Ｌ・Ｄ・Ｋ,せっこうボード,GB-R,885.0×2395.0×12.5,1,2.1196,$ほ -  ８〜 へ -  ８,70,マーク付きベベル,12.5,885,2395,−,−,(戸)門沢橋3丁目2048番　B号棟
カベ,1階,Ｌ・Ｄ・Ｋ,せっこうボード,GB-R,857.5×2395.0×12.5,1,2.0537, と -  ８〜 と -  ９,90,マーク付きベベル,12.5,857,2395,−,−,(戸)門沢橋3丁目2048番　B号棟
カベ,1階,Ｌ・Ｄ・Ｋ,せっこうボード,GB-R,845.0×2395.0×12.5,1,2.0238,$に -  ８〜$ほ -  ８,93,マーク付きベベル,12.5,845,2395,−,−,(戸)門沢橋3丁目2048番　B号棟
カベ,1階,Ｌ・Ｄ・Ｋ,せっこうボード,GB-R,845.0×2395.0×12.5,1,2.0238, へ -  ８〜 と -  ８,91,マーク付きベベル,12.5,845,2395,−,−,(戸)門沢橋3丁目2048番　B号棟
カベ,1階,Ｌ・Ｄ・Ｋ,せっこうボード,GB-R,845.0×2395.0×12.5,1,2.0238, へ -  ８〜 と -  ８,71,マーク付きベベル,12.5,845,2395,−,−,(戸)門沢橋3丁目2048番　B号棟
カベ,1階,Ｌ・Ｄ・Ｋ,せっこうボード,GB-R,687.5×2020.0×12.5,1,1.3888,*は -  ２〜$に -  ２,81,ベベル,12.5,687,2020,−,−,(戸)門沢橋3丁目2048番　B号棟
カベ,1階,Ｌ・Ｄ・Ｋ,せっこうボード,GB-R,687.5×2020.0×12.5,1,1.3888,$へ -  ２〜 と -  ２,80,ベベル,12.5,687,2020,−,−,(戸)門沢橋3丁目2048番　B号棟
カベ,1階,Ｌ・Ｄ・Ｋ,せっこうボード,GB-R,682.5×2395.0×12.5,1,1.6346,$に -  ８〜$に - &８,68,マーク付きベベル,12.5,682,2395,−,−,(戸)門沢橋3丁目2048番　B号棟
カベ,1階,Ｌ・Ｄ・Ｋ,せっこうボード,GB-R,630.0×2395.0×12.5,1,1.5089,$に -  ８〜$に - &８,82,マーク付きベベル,12.5,630,2395,−,−,(戸)門沢橋3丁目2048番　B号棟
カベ,1階,Ｌ・Ｄ・Ｋ,せっこうボード,GB-R,455.0×2395.0×12.5,1,1.0898,*は - *４〜*は -  ５,59,ベベル,12.5,455,2395,−,−,(戸)門沢橋3丁目2048番　B号棟
カベ,1階,Ｌ・Ｄ・Ｋ,せっこうボード,GB-R,455.0×2395.0×12.5,1,1.0898, は -  ８〜 は - *８,64,ベベル,12.5,455,2395,−,−,(戸)門沢橋3丁目2048番　B号棟
カベ,1階,Ｌ・Ｄ・Ｋ,せっこうボード,GB-R,455.0×913.0×12.5,1,0.4154, と -  ６〜 と - *７,74,ベベル,12.5,455,913,−,−,(戸)門沢橋3丁目2048番　B号棟
カベ,1階,Ｌ・Ｄ・Ｋ,せっこうボード,GB-R,424.0×1134.0×12.5,1,0.4808, と - &９〜 と -  10,88,ベベル,12.5,424,1134,−,−,(戸)門沢橋3丁目2048番　B号棟
カベ,1階,Ｌ・Ｄ・Ｋ,せっこうボード,GB-R,402.5×2395.0×12.5,1,0.964,*は -  ２〜*は - *２,56,ベベル,12.5,402,2395,−,−,(戸)門沢橋3丁目2048番　B号棟
カベ,1階,Ｌ・Ｄ・Ｋ,せっこうボード,GB-R,402.5×2395.0×12.5,1,0.964, と - *７〜 と -  ８,72,ベベル,12.5,402,2395,−,−,(戸)門沢橋3丁目2048番　B号棟
カベ,1階,Ｌ・Ｄ・Ｋ,せっこうボード,GB-R,390.0×2395.0×12.5,1,0.9341, は -  ６〜*は -  ６,61,ベベル,12.5,390,2395,−,−,(戸)門沢橋3丁目2048番　B号棟
カベ,1階,Ｌ・Ｄ・Ｋ,せっこうボード,GB-R,375.0×910.0×12.5,1,0.3413,*は -  ２〜 と -  ２,79,ベベル,12.5,375,910,−,−,(戸)門沢橋3丁目2048番　B号棟
カベ,1階,Ｌ・Ｄ・Ｋ,せっこうボード,GB-R,364.0×857.5×12.5,1,0.3121, は - *９〜 は - *10,66,ベベル,12.5,364,857,−,−,(戸)門沢橋3丁目2048番　B号棟
カベ,1階,Ｌ・Ｄ・Ｋ,せっこうボード,GB-R,364.0×845.0×12.5,1,0.3076, は - *10〜 に - *10,67,ベベル,12.5,364,845,−,−,(戸)門沢橋3丁目2048番　B号棟
カベ,1階,Ｌ・Ｄ・Ｋ,せっこうボード,GB-R,348.0×910.0×12.5,1,0.3167, と -  ６〜 と - *７,73,ベベル,12.5,348,910,−,−,(戸)門沢橋3丁目2048番　B号棟
カベ,1階,Ｌ・Ｄ・Ｋ,せっこうボード,GB-R,348.0×455.0×12.5,1,0.1583, と -  ６〜 と - *７,73,ベベル,12.5,348,455,−,−,(戸)門沢橋3丁目2048番　B号棟
カベ,1階,Ｌ・Ｄ・Ｋ,せっこうボード,GB-R,347.0×910.0×12.5,1,0.3158, と -  ９〜 と -  10,87,ベベル,12.5,347,910,−,−,(戸)門沢橋3丁目2048番　B号棟
カベ,1階,Ｌ・Ｄ・Ｋ,せっこうボード,GB-R,195.0×857.5×12.5,1,0.1672, と -  ２〜 と -  ３,167,ベベル,12.5,195,857,−,○,(戸)門沢橋3丁目2048番　B号棟
カベ,1階,ホール,せっこうボード,GB-R,910.0×2395.0×12.5,1,2.1795,*い -  ５〜*い -  ６,6,マーク付きベベル,12.5,910,2395,○,−,(戸)門沢橋3丁目2048番　B号棟
カベ,1階,ホール,せっこうボード,GB-R,364.0×402.5×12.5,1,0.1465, は -  ６〜 は - *８,9,ベベル,12.5,364,402,−,−,(戸)門沢橋3丁目2048番　B号棟
カベ,1階,ホール,せっこうボード,GB-R,195.0×910.0×12.5,1,0.1775,*い -  ５〜*い -  ６,139,ベベル,12.5,195,910,−,○,(戸)門沢橋3丁目2048番　B号棟
カベ,1階,ホール,せっこうボード,GB-R,910.0×2031.0×12.5,1,1.8482, は - &６〜 は - *８,10,ベベル,12.5,910,2031,−,−,(戸)門沢橋3丁目2048番　B号棟
カベ,1階,ホール,せっこうボード,GB-R,857.5×2395.0×12.5,1,2.0537,*は -  ５〜*は -  ６,12,マーク付きベベル,12.5,857,2395,−,−,(戸)門沢橋3丁目2048番　B号棟
カベ,1階,ホール,せっこうボード,GB-R,857.5×2395.0×12.5,1,2.0537, ろ - *７〜 ろ - *８,7,マーク付きベベル,12.5,857,2395,−,−,(戸)門沢橋3丁目2048番　B号棟
カベ,1階,ホール,せっこうボード,GB-R,417.5×2031.0×12.5,1,0.848, は - &６〜 は - *８,10,ベベル,12.5,417,2031,−,−,(戸)門沢橋3丁目2048番　B号棟
カベ,1階,ホール,せっこうボード,GB-R,390.0×2395.0×12.5,1,0.9341, は -  ６〜*は -  ６,11,ベベル,12.5,390,2395,−,−,(戸)門沢橋3丁目2048番　B号棟
カベ,1階,ホール,せっこうボード,GB-R,364.0×910.0×12.5,1,0.3313, は -  ６〜 は - *８,9,ベベル,12.5,364,910,−,−,(戸)門沢橋3丁目2048番　B号棟
カベ,1階,ホール,せっこうボード,GB-R,364.0×910.0×12.5,1,0.3313, は -  ６〜 は - *８,9,ベベル,12.5,364,910,−,−,(戸)門沢橋3丁目2048番　B号棟
カベ,1階,ホール,せっこうボード,GB-R,364.0×780.0×12.5,1,0.2839, ろ - *８〜 は - *８,8,ベベル,12.5,364,780,−,−,(戸)門沢橋3丁目2048番　B号棟
カベ,1階,階段,せっこうボード,GB-R,780.0×2395.0×12.5,1,1.8681, い - *８〜 ろ - *８,28,マーク付きベベル,12.5,780,2395,−,−,(戸)門沢橋3丁目2048番　B号棟
カベ,1階,階段,せっこうボード,GB-R,455.0×2395.0×12.5,1,1.0898, い -  ７〜 い - *７,23,ベベル,12.5,455,2395,−,−,(戸)門沢橋3丁目2048番　B号棟
カベ,1階,階段,せっこうボード,GB-R,455.0×2395.0×12.5,1,1.0898, い - *７〜 い -  ８,25,ベベル,12.5,455,2395,−,−,(戸)門沢橋3丁目2048番　B号棟
カベ,1階,階段,せっこうボード,GB-R,455.0×1820.0×12.5,1,0.8281, い -  ７〜 い - *７,22,ベベル,12.5,455,1820,−,−,(戸)門沢橋3丁目2048番　B号棟
カベ,1階,階段,せっこうボード,GB-R,455.0×1820.0×12.5,1,0.8281, い - *７〜 い -  ８,24,ベベル,12.5,455,1820,−,−,(戸)門沢橋3丁目2048番　B号棟
カベ,1階,階段,せっこうボード,GB-R,402.5×1957.0×12.5,1,0.7877, い -  ８〜 い - *８,26,ベベル,12.5,402,1957,−,−,(戸)門沢橋3丁目2048番　B号棟
カベ,1階,階段,せっこうボード,GB-R,857.5×1957.0×12.5,1,1.6782, い -  ６〜 い -  ７,20,ベベル,12.5,857,1957,−,−,(戸)門沢橋3丁目2048番　B号棟
カベ,1階,階段,せっこうボード,GB-R,857.5×1957.0×12.5,1,1.6782, ろ - *７〜 ろ - *８,29,ベベル,12.5,857,1957,−,−,(戸)門沢橋3丁目2048番　B号棟
カベ,1階,階段,せっこうボード,GB-R,857.5×1820.0×12.5,1,1.5607, い -  ６〜 い -  ７,21,ベベル,12.5,857,1820,−,−,(戸)門沢橋3丁目2048番　B号棟
カベ,1階,階段,せっこうボード,GB-R,857.5×1820.0×12.5,1,1.5607, ろ - *７〜 ろ - *８,30,ベベル,12.5,857,1820,−,−,(戸)門沢橋3丁目2048番　B号棟
カベ,1階,階段,せっこうボード,GB-R,402.5×1820.0×12.5,1,0.7326, い -  ８〜 い - *８,27,ベベル,12.5,402,1820,−,−,(戸)門沢橋3丁目2048番　B号棟
カベ,1階,階段,せっこうボード,GB-R,390.0×2395.0×12.5,1,0.9341, い -  ６〜*い -  ６,19,ベベル,12.5,390,2395,−,−,(戸)門沢橋3丁目2048番　B号棟
カベ,1階,階段,せっこうボード,GB-R,390.0×1820.0×12.5,1,0.7098, い -  ６〜*い -  ６,18,ベベル,12.5,390,1820,−,−,(戸)門沢橋3丁目2048番　B号棟
カベ,1階,玄関,せっこうボード,GB-R,845.0×2395.0×12.5,1,2.0238,*は - *３〜*は - *４,14,マーク付きベベル,12.5,845,2395,−,−,(戸)門沢橋3丁目2048番　B号棟
カベ,1階,玄関,せっこうボード,GB-R,455.0×2395.0×12.5,1,1.0898,*は - *４〜*は -  ５,13,ベベル,12.5,455,2395,−,−,(戸)門沢橋3丁目2048番　B号棟
カベ,1階,玄関,せっこうボード,GB-R,257.5×1134.0×12.5,1,0.292,*い - &３〜*い - $４,2,ベベル,12.5,257,1134,−,−,(戸)門沢橋3丁目2048番　B号棟
カベ,1階,玄関,せっこうボード,GB-R,257.5×1134.0×12.5,1,0.292,*い - $４〜*い - &４,3,ベベル,12.5,257,1134,−,−,(戸)門沢橋3丁目2048番　B号棟
カベ,1階,玄関,せっこうボード,GB-R,195.0×910.0×12.5,1,0.1775,*い - &３〜*い - &４,137,ベベル,12.5,195,910,−,○,(戸)門沢橋3丁目2048番　B号棟
カベ,1階,玄関,せっこうボード,GB-R,195.0×910.0×12.5,1,0.1775,&い - *３〜&ろ - *３,135,ベベル,12.5,195,910,−,○,(戸)門沢橋3丁目2048番　B号棟
カベ,1階,玄関,せっこうボード,GB-R,195.0×390.0×12.5,1,0.0761, は - *３〜*は - *３,133,ベベル,12.5,195,390,−,○,(戸)門沢橋3丁目2048番　B号棟
カベ,1階,玄関,せっこうボード,GB-R,195.0×305.0×12.5,1,0.0595,*い - *３〜&い - *３,136,ベベル,12.5,195,305,−,○,(戸)門沢橋3丁目2048番　B号棟
カベ,1階,玄関,せっこうボード,GB-R,910.0×943.0×12.5,1,0.8581,*い - &３〜*い - &４,4,ベベル,12.5,910,943,−,−,(戸)門沢橋3丁目2048番　B号棟
カベ,1階,玄関,せっこうボード,GB-R,390.0×2395.0×12.5,1,0.9341, は - *３〜*は - *３,15,ベベル,12.5,390,2395,−,−,(戸)門沢橋3丁目2048番　B号棟
カベ,1階,玄関,せっこうボード,GB-R,318.0×910.0×12.5,1,0.2894,*い - &３〜*い - &４,1,ベベル,12.5,318,910,−,−,(戸)門沢橋3丁目2048番　B号棟
カベ,1階,玄関,せっこうボード,GB-R,305.0×2395.0×12.5,1,0.7305,*い - *３〜&い - *３,17,ベベル,12.5,305,2395,−,−,(戸)門沢橋3丁目2048番　B号棟
カベ,1階,玄関,せっこうボード,GB-R,302.0×910.0×12.5,1,0.2748,&い - *３〜 は - *３,16,ベベル,12.5,302,910,−,−,(戸)門沢橋3丁目2048番　B号棟
カベ,1階,玄関,せっこうボード,GB-R,227.5×2395.0×12.5,1,0.5449,*い - &４〜*い -  ５,5,ベベル,12.5,227,2395,−,−,(戸)門沢橋3丁目2048番　B号棟
カベ,1階,玄関,せっこうボード,GB-R,195.0×227.5×12.5,1,0.0444,*い - &４〜*い -  ５,138,ベベル,12.5,195,227,−,○,(戸)門沢橋3丁目2048番　B号棟
カベ,1階,玄関,せっこうボード,GB-R,150.0×302.0×12.5,1,0.0453,&い - *３〜 は - *３,16,ベベル,12.5,150,302,−,−,(戸)門沢橋3丁目2048番　B号棟
カベ,1階,玄関,せっこうボード,GB-R,150.0×195.0×12.5,1,0.0293,&ろ - *３〜 は - *３,134,ベベル,12.5,150,195,−,−,(戸)門沢橋3丁目2048番　B号棟
カベ,1階,浴室,せっこうボード,GB-R,910.0×1720.0×12.5,1,1.5652, ろ - *13〜 は - *13,149,ベベル,12.5,910,1720,−,○,(戸)門沢橋3丁目2048番　B号棟
カベ,1階,浴室,せっこうボード,GB-R,910.0×1208.0×12.5,1,1.0993, い - *11〜 い - *13,142,ベベル,12.5,910,1208,−,○,(戸)門沢橋3丁目2048番　B号棟
カベ,1階,浴室,せっこうボード,GB-R,910.0×911.0×12.5,1,0.829, ろ - *13〜 は - *13,148,ベベル,12.5,910,911,−,○,(戸)門沢橋3丁目2048番　B号棟
カベ,1階,浴室,せっこうボード,GB-R,857.5×1208.0×12.5,1,1.0359, い - *11〜 い - *13,142,ベベル,12.5,857,1208,−,○,(戸)門沢橋3丁目2048番　B号棟
カベ,1階,浴室,せっこうボード,GB-R,847.0×910.0×12.5,1,0.7708, い - *11〜 い - *13,145,ベベル,12.5,847,910,−,○,(戸)門沢橋3丁目2048番　B号棟
カベ,1階,浴室,せっこうボード,GB-R,847.0×857.5×12.5,1,0.7263, い - *11〜 い - *13,145,ベベル,12.5,847,857,−,○,(戸)門沢橋3丁目2048番　B号棟
カベ,1階,浴室,せっこうボード,GB-R,845.0×1720.0×12.5,1,1.4534, い - *13〜 ろ - *13,147,ベベル,12.5,845,1720,−,○,(戸)門沢橋3丁目2048番　B号棟
カベ,1階,浴室,せっこうボード,GB-R,845.0×911.0×12.5,1,0.7698, い - *13〜 ろ - *13,146,ベベル,12.5,845,911,−,○,(戸)門沢橋3丁目2048番　B号棟
カベ,1階,浴室,せっこうボード,GB-R,285.0×576.0×12.5,1,0.1642, い - *11〜 い - &11,143,ベベル,12.5,285,576,−,○,(戸)門沢橋3丁目2048番　B号棟
カベ,1階,浴室,せっこうボード,GB-R,100.0×910.0×12.5,1,0.091, ろ - *13〜 は - *13,149,ベベル,12.5,100,910,−,○,(戸)門沢橋3丁目2048番　B号棟
カベ,1階,浴室,せっこうボード,GB-R,100.0×910.0×12.5,1,0.091, い - *11〜 い - *13,145,ベベル,12.5,100,910,−,○,(戸)門沢橋3丁目2048番　B号棟
カベ,1階,浴室,せっこうボード,GB-R,100.0×845.0×12.5,1,0.0845, い - *13〜 ろ - *13,147,ベベル,12.5,100,845,−,○,(戸)門沢橋3丁目2048番　B号棟
カベ,1階,浴室,せっこうボード,GB-R,232.5×576.0×12.5,1,0.1339, い - $13〜 い - *13,144,ベベル,12.5,232,576,−,○,(戸)門沢橋3丁目2048番　B号棟
カベ,1階,浴室,せっこうボード,GB-R,100.0×857.5×12.5,1,0.0858, い - *11〜 い - *13,145,ベベル,12.5,100,857,−,○,(戸)門沢橋3丁目2048番　B号棟
カベ,1階,洗面所,せっこうボード,GB-R,195.0×910.0×12.5,1,0.1775, い - *９〜 い - *10,140,ベベル,12.5,195,910,−,○,(戸)門沢橋3丁目2048番　B号棟
カベ,1階,洗面所,せっこうボード,GB-R,195.0×910.0×12.5,1,0.1775, い - *10〜 い - *11,141,ベベル,12.5,195,910,−,○,(戸)門沢橋3丁目2048番　B号棟
カベ,1階,洗面所,シージングせっこうボード,GB-S,857.5×1027.0×12.5,1,0.8807, い - *10〜 い - *11,48,耐水ベベル,12.5,857,1027,−,−,(戸)門沢橋3丁目2048番　B号棟
カベ,1階,洗面所,シージングせっこうボード,GB-S,433.0×857.5×12.5,1,0.3713, い - *10〜 い - *11,45,耐水ベベル,12.5,433,857,−,−,(戸)門沢橋3丁目2048番　B号棟
カベ,1階,洗面所,シージングせっこうボード,GB-S,394.0×845.0×12.5,1,0.3329, い - *11〜 は - *11,49,耐水ベベル,12.5,394,845,−,−,(戸)門沢橋3丁目2048番　B号棟
カベ,1階,洗面所,シージングせっこうボード,GB-S,364.0×857.5×12.5,1,0.3121, は - *９〜 は - *10,53,耐水ベベル,12.5,364,857,−,−,(戸)門沢橋3丁目2048番　B号棟
カベ,1階,洗面所,シージングせっこうボード,GB-S,257.0×935.0×12.5,1,0.2403, い - *10〜 い - &10,46,耐水ベベル,12.5,257,935,−,−,(戸)門沢橋3丁目2048番　B号棟
カベ,1階,洗面所,シージングせっこうボード,GB-S,204.5×935.0×12.5,1,0.1912, い - $11〜 い - *11,47,耐水ベベル,12.5,204,935,−,−,(戸)門沢橋3丁目2048番　B号棟
カベ,1階,洗面所,シージングせっこうボード,GB-S,857.5×2395.0×12.5,1,2.0537, は - *10〜 は - *11,52,耐水ベベル,12.5,857,2395,−,−,(戸)門沢橋3丁目2048番　B号棟
カベ,1階,洗面所,シージングせっこうボード,GB-S,857.5×2395.0×12.5,1,2.0537, い - *９〜 い - *10,44,耐水ベベル,12.5,857,2395,−,−,(戸)門沢橋3丁目2048番　B号棟
カベ,1階,洗面所,シージングせっこうボード,GB-S,845.0×2395.0×12.5,1,2.0238, い - *９〜 ろ - *９,55,耐水ベベル,12.5,845,2395,−,−,(戸)門沢橋3丁目2048番　B号棟
カベ,1階,洗面所,シージングせっこうボード,GB-S,845.0×2395.0×12.5,1,2.0238, ろ - *９〜 は - *９,54,耐水ベベル,12.5,845,2395,−,−,(戸)門沢橋3丁目2048番　B号棟
カベ,1階,洗面所,シージングせっこうボード,GB-S,775.0×2001.0×12.5,1,1.5508, い - *11〜&い - *11,50,耐水ベベル,12.5,775,2001,−,−,(戸)門沢橋3丁目2048番　B号棟
カベ,1階,洗面所,シージングせっこうボード,GB-S,394.0×845.0×12.5,1,0.3329, い - *11〜 は - *11,49,耐水ベベル,12.5,394,845,−,−,(戸)門沢橋3丁目2048番　B号棟
カベ,1階,洗面所,シージングせっこうボード,GB-S,119.0×1965.0×12.5,1,0.2339,&ろ - *11〜 は - *11,51,耐水ベベル,12.5,119,1965,−,−,(戸)門沢橋3丁目2048番　B号棟
カベ,1階,トイレ,せっこうボード,GB-R,845.0×1820.0×12.5,1,1.5379, ろ - *９〜 は - *９,38,ベベル,12.5,845,1820,−,−,(戸)門沢橋3丁目2048番　B号棟
カベ,1階,トイレ,せっこうボード,GB-R,805.0×1820.0×12.5,1,1.4651, は - *８〜 は - *９,41,ベベル,12.5,805,1820,−,−,(戸)門沢橋3丁目2048番　B号棟
カベ,1階,トイレ,せっこうボード,GB-R,805.0×1033.0×12.5,1,0.8316, い - *８〜 い - *９,32,ベベル,12.5,805,1033,−,−,(戸)門沢橋3丁目2048番　B号棟
カベ,1階,トイレ,せっこうボード,GB-R,364.0×845.0×12.5,1,0.3076, ろ - *８〜 は - *８,42,ベベル,12.5,364,845,−,−,(戸)門沢橋3丁目2048番　B号棟
カベ,1階,トイレ,せっこうボード,GB-R,857.5×1820.0×12.5,1,1.5607, い - *８〜 い - *９,31,ベベル,12.5,857,1820,−,−,(戸)門沢橋3丁目2048番　B号棟
カベ,1階,トイレ,せっこうボード,GB-R,845.0×2395.0×12.5,1,2.0238, ろ - *９〜 は - *９,39,マーク付きベベル,12.5,845,2395,−,−,(戸)門沢橋3丁目2048番　B号棟
カベ,1階,トイレ,せっこうボード,GB-R,845.0×2395.0×12.5,1,2.0238, い - *８〜 ろ - *８,43,マーク付きベベル,12.5,845,2395,−,−,(戸)門沢橋3丁目2048番　B号棟
カベ,1階,トイレ,せっこうボード,GB-R,845.0×1957.0×12.5,1,1.6537, い - *９〜 ろ - *９,36,ベベル,12.5,845,1957,−,−,(戸)門沢橋3丁目2048番　B号棟
カベ,1階,トイレ,せっこうボード,GB-R,845.0×1820.0×12.5,1,1.5379, い - *９〜 ろ - *９,37,ベベル,12.5,845,1820,−,−,(戸)門沢橋3丁目2048番　B号棟
カベ,1階,トイレ,せっこうボード,GB-R,805.0×1957.0×12.5,1,1.5754, は - *８〜 は - *９,40,ベベル,12.5,805,1957,−,−,(戸)門沢橋3丁目2048番　B号棟
カベ,1階,トイレ,せっこうボード,GB-R,805.0×1015.0×12.5,1,0.8171, い - *８〜 い - *９,35,ベベル,12.5,805,1015,−,−,(戸)門沢橋3丁目2048番　B号棟
カベ,1階,トイレ,せっこうボード,GB-R,204.5×347.0×12.5,1,0.071, い - *８〜 い - &８,33,ベベル,12.5,204,347,−,−,(戸)門沢橋3丁目2048番　B号棟
カベ,1階,トイレ,せっこうボード,GB-R,204.5×347.0×12.5,1,0.071, い - $９〜 い - *９,34,ベベル,12.5,204,347,−,−,(戸)門沢橋3丁目2048番　B号棟
カベ,1階,納戸A,せっこうボード,GB-R,910.0×931.0×12.5,1,0.8472, と - *10〜 と - *12,105,ベベル,12.5,910,931,−,−,(戸)門沢橋3丁目2048番　B号棟
カベ,1階,納戸A,せっこうボード,GB-R,857.5×931.0×12.5,1,0.7984, と - *10〜 と - *12,105,ベベル,12.5,857,931,−,−,(戸)門沢橋3丁目2048番　B号棟
カベ,1階,納戸A,せっこうボード,GB-R,364.0×845.0×12.5,1,0.3076, は - *10〜 に - *10,109,ベベル,12.5,364,845,−,−,(戸)門沢橋3丁目2048番　B号棟
カベ,1階,納戸A,せっこうボード,GB-R,330.0×910.0×12.5,1,0.3003, と - *10〜 と - *12,104,ベベル,12.5,330,910,−,−,(戸)門沢橋3丁目2048番　B号棟
カベ,1階,納戸A,せっこうボード,GB-R,330.0×857.5×12.5,1,0.283, と - *10〜 と - *12,104,ベベル,12.5,330,857,−,−,(戸)門沢橋3丁目2048番　B号棟
カベ,1階,納戸A,せっこうボード,GB-R,195.0×910.0×12.5,1,0.1775, と - *10〜 と - *11,157,ベベル,12.5,195,910,−,○,(戸)門沢橋3丁目2048番　B号棟
カベ,1階,納戸A,せっこうボード,GB-R,195.0×910.0×12.5,1,0.1775, と - *11〜 と - *12,156,ベベル,12.5,195,910,−,○,(戸)門沢橋3丁目2048番　B号棟
カベ,1階,納戸A,せっこうボード,GB-R,195.0×910.0×12.5,1,0.1775,$に - *13〜$ほ - *13,152,ベベル,12.5,195,910,−,○,(戸)門沢橋3丁目2048番　B号棟
カベ,1階,納戸A,せっこうボード,GB-R,195.0×910.0×12.5,1,0.1775,$ほ - *13〜$へ - *13,153,ベベル,12.5,195,910,−,○,(戸)門沢橋3丁目2048番　B号棟
カベ,1階,納戸A,せっこうボード,GB-R,195.0×857.5×12.5,1,0.1672, と - *12〜 と - *13,155,ベベル,12.5,195,857,−,○,(戸)門沢橋3丁目2048番　B号棟
カベ,1階,納戸A,せっこうボード,GB-R,195.0×617.5×12.5,1,0.1204,$へ - *13〜 と - *13,154,ベベル,12.5,195,617,−,○,(戸)門沢橋3丁目2048番　B号棟
カベ,1階,納戸A,せっこうボード,GB-R,195.0×455.0×12.5,1,0.0887,&は - *13〜$に - *13,151,ベベル,12.5,195,455,−,○,(戸)門沢橋3丁目2048番　B号棟
カベ,1階,納戸A,せっこうボード,GB-R,145.0×910.0×12.5,1,0.132,$に - *13〜$へ - *13,98,ベベル,12.5,145,910,−,−,(戸)門沢橋3丁目2048番　B号棟
カベ,1階,納戸A,せっこうボード,GB-R,145.0×910.0×12.5,1,0.132,$に - *13〜$へ - *13,98,ベベル,12.5,145,910,−,−,(戸)門沢橋3丁目2048番　B号棟
カベ,1階,納戸A,せっこうボード,GB-R,910.0×2395.0×12.5,1,2.1795, ほ - *10〜 へ - *10,107,マーク付きベベル,12.5,910,2395,○,−,(戸)門沢橋3丁目2048番　B号棟
カベ,1階,納戸A,せっこうボード,GB-R,910.0×2395.0×12.5,1,2.1795, に - *10〜 ほ - *10,108,マーク付きベベル,12.5,910,2395,○,−,(戸)門沢橋3丁目2048番　B号棟
カベ,1階,納戸A,せっこうボード,GB-R,910.0×1913.0×12.5,1,1.7409,$に - *13〜$へ - *13,101,ベベル,12.5,910,1913,−,−,(戸)門沢橋3丁目2048番　B号棟
カベ,1階,納戸A,せっこうボード,GB-R,910.0×1913.0×12.5,1,1.7409,$に - *13〜$へ - *13,101,ベベル,12.5,910,1913,−,−,(戸)門沢橋3丁目2048番　B号棟
カベ,1階,納戸A,せっこうボード,GB-R,857.5×2395.0×12.5,1,2.0537, と - *12〜 と - *13,103,マーク付きベベル,12.5,857,2395,−,−,(戸)門沢橋3丁目2048番　B号棟
カベ,1階,納戸A,せっこうボード,GB-R,845.0×2395.0×12.5,1,2.0238, へ - *10〜 と - *10,106,マーク付きベベル,12.5,845,2395,−,−,(戸)門沢橋3丁目2048番　B号棟
カベ,1階,納戸A,せっこうボード,GB-R,805.0×2395.0×12.5,1,1.928, は - *10〜 は - *11,94,マーク付きベベル,12.5,805,2395,−,−,(戸)門沢橋3丁目2048番　B号棟
カベ,1階,納戸A,せっこうボード,GB-R,617.5×2395.0×12.5,1,1.4789,$へ - *13〜 と - *13,102,マーク付きベベル,12.5,617,2395,−,−,(戸)門沢橋3丁目2048番　B号棟
カベ,1階,納戸A,せっこうボード,GB-R,617.5×2395.0×12.5,1,1.4789, は - *11〜&は - *11,95,マーク付きベベル,12.5,617,2395,−,−,(戸)門沢橋3丁目2048番　B号棟
カベ,1階,納戸A,せっこうボード,GB-R,390.0×2395.0×12.5,1,0.9341,&は - *13〜$に - *13,97,ベベル,12.5,390,2395,−,−,(戸)門沢橋3丁目2048番　B号棟
カベ,1階,納戸A,せっこうボード,GB-R,145.0×337.0×12.5,1,0.0489,$に - *13〜$に - *13,99,ベベル,12.5,145,337,−,−,(戸)門沢橋3丁目2048番　B号棟
カベ,1階,納戸A,せっこうボード,GB-R,145.0×337.0×12.5,1,0.0489,$へ - *13〜$へ - *13,100,ベベル,12.5,145,337,−,−,(戸)門沢橋3丁目2048番　B号棟
カベ,1階,納戸A,せっこうボード,GB-R,65.0×2346.0×12.5,1,0.1525,&は - *11〜&は - &11,96,ベベル,12.5,65,2346,−,−,(戸)門沢橋3丁目2048番　B号棟
カベ,1階,物入,せっこうボード,GB-R,195.0×682.5×12.5,1,0.1331, は - *13〜&は - *13,150,ベベル,12.5,195,682,−,○,(戸)門沢橋3丁目2048番　B号棟
カベ,1階,物入,せっこうボード,GB-R,857.5×2395.0×12.5,1,2.0537, は - *11〜 は - *12,110,マーク付きベベル,12.5,857,2395,−,−,(戸)門沢橋3丁目2048番　B号棟
カベ,1階,物入,せっこうボード,GB-R,857.5×2395.0×12.5,1,2.0537, は - *12〜 は - *13,111,マーク付きベベル,12.5,857,2395,−,−,(戸)門沢橋3丁目2048番　B号棟
カベ,1階,物入,せっこうボード,GB-R,617.5×2395.0×12.5,1,1.4789, は - *11〜&は - *11,113,マーク付きベベル,12.5,617,2395,−,−,(戸)門沢橋3丁目2048番　B号棟
カベ,1階,物入,せっこうボード,GB-R,552.5×2395.0×12.5,1,1.3233, は - *13〜&は - *13,112,ベベル,12.5,552,2395,−,−,(戸)門沢橋3丁目2048番　B号棟
カベ,1階,物入,せっこうボード,GB-R,65.0×2346.0×12.5,1,0.1525,&は - *11〜&は - &11,116,ベベル,12.5,65,2346,−,−,(戸)門沢橋3丁目2048番　B号棟
カベ,2階,階段,せっこうボード,GB-R,857.5×2395.0×12.5,1,2.0537, い -  ７〜 い -  ８,21,マーク付きベベル,12.5,857,2395,−,−,(戸)門沢橋3丁目2048番　B号棟
カベ,2階,階段,せっこうボード,GB-R,857.5×990.0×12.5,1,0.8489, い - *８〜 い - *９,23,ベベル,12.5,857,990,−,−,(戸)門沢橋3丁目2048番　B号棟
カベ,2階,階段,せっこうボード,GB-R,845.0×1565.0×12.5,1,1.3224, い - *９〜 ろ - *９,24,ベベル,12.5,845,1565,−,−,(戸)門沢橋3丁目2048番　B号棟
カベ,2階,階段,せっこうボード,GB-R,780.0×1565.0×12.5,1,1.2207, い -  ７〜 ろ -  ７,28,ベベル,12.5,780,1565,−,−,(戸)門沢橋3丁目2048番　B号棟
カベ,2階,階段,せっこうボード,GB-R,682.5×2395.0×12.5,1,1.6346, ろ - *８〜&ろ - *８,47,マーク付きベベル,12.5,682,2395,−,−,(戸)門沢橋3丁目2048番　B号棟
カベ,2階,階段,せっこうボード,GB-R,682.5×2395.0×12.5,1,1.6346, ろ - *９〜&ろ - *９,35,マーク付きベベル,12.5,682,2395,−,−,(戸)門沢橋3丁目2048番　B号棟
カベ,2階,階段,せっこうボード,GB-R,455.0×1565.0×12.5,1,0.7121, ろ - *７〜 ろ -  ８,26,ベベル,12.5,455,1565,−,−,(戸)門沢橋3丁目2048番　B号棟
カベ,2階,階段,せっこうボード,GB-R,455.0×1565.0×12.5,1,0.7121, ろ -  ８〜 ろ - *８,25,ベベル,12.5,455,1565,−,−,(戸)門沢橋3丁目2048番　B号棟
カベ,2階,階段,せっこうボード,GB-R,455.0×1565.0×12.5,1,0.7121, い -  ８〜 い - *８,22,ベベル,12.5,455,1565,−,−,(戸)門沢橋3丁目2048番　B号棟
カベ,2階,階段,せっこうボード,GB-R,402.5×2395.0×12.5,1,0.964, ろ -  ７〜 ろ - *７,27,ベベル,12.5,402,2395,−,−,(戸)門沢橋3丁目2048番　B号棟
カベ,2階,階段,せっこうボード,GB-R,195.0×910.0×12.5,1,0.1775, ろ - *９〜 は - *９,211,ベベル,12.5,195,910,−,○,(戸)門沢橋3丁目2048番　B号棟
カベ,2階,階段,せっこうボード,GB-R,195.0×910.0×12.5,1,0.1775, い -  ７〜 い -  ８,207,ベベル,12.5,195,910,−,○,(戸)門沢橋3丁目2048番　B号棟
カベ,2階,階段,せっこうボード,GB-R,195.0×857.5×12.5,1,0.1672, い - *８〜 い - *９,209,ベベル,12.5,195,857,−,○,(戸)門沢橋3丁目2048番　B号棟
カベ,2階,階段,せっこうボード,GB-R,195.0×845.0×12.5,1,0.1648, い - *９〜 ろ - *９,210,ベベル,12.5,195,845,−,○,(戸)門沢橋3丁目2048番　B号棟
カベ,2階,階段,せっこうボード,GB-R,195.0×455.0×12.5,1,0.0887, い -  ８〜 い - *８,208,ベベル,12.5,195,455,−,○,(戸)門沢橋3丁目2048番　B号棟
カベ,2階,トイレ,せっこうボード,GB-R,857.5×2395.0×12.5,1,2.0537, ろ -  ７〜 ろ -  ８,29,マーク付きベベル,12.5,857,2395,−,−,(戸)門沢橋3丁目2048番　B号棟
カベ,2階,トイレ,せっこうボード,GB-R,780.0×2395.0×12.5,1,1.8681, ろ - *８〜 は - *８,31,マーク付きベベル,12.5,780,2395,−,−,(戸)門沢橋3丁目2048番　B号棟
カベ,2階,トイレ,せっこうボード,GB-R,780.0×2395.0×12.5,1,1.8681, ろ -  ７〜 は -  ７,34,マーク付きベベル,12.5,780,2395,−,−,(戸)門沢橋3丁目2048番　B号棟
カベ,2階,トイレ,せっこうボード,GB-R,402.5×2395.0×12.5,1,0.964, ろ -  ８〜 ろ - *８,30,ベベル,12.5,402,2395,−,−,(戸)門沢橋3丁目2048番　B号棟
カベ,2階,トイレ,せっこうボード,GB-R,402.5×2395.0×12.5,1,0.964, は -  ７〜 は - *７,33,ベベル,12.5,402,2395,−,−,(戸)門沢橋3丁目2048番　B号棟
カベ,2階,トイレ,せっこうボード,GB-R,364.0×857.5×12.5,1,0.3121, は - *７〜 は - *８,32,ベベル,12.5,364,857,−,−,(戸)門沢橋3丁目2048番　B号棟
カベ,2階,ホール,せっこうボード,GB-R,910.0×2395.0×12.5,1,2.1795, に -  ７〜 に -  ８,40,マーク付きベベル,12.5,910,2395,○,−,(戸)門沢橋3丁目2048番　B号棟
カベ,2階,ホール,せっこうボード,GB-R,857.5×2395.0×12.5,1,2.0537, は -  ６〜 は -  ７,43,マーク付きベベル,12.5,857,2395,−,−,(戸)門沢橋3丁目2048番　B号棟
カベ,2階,ホール,せっこうボード,GB-R,845.0×2395.0×12.5,1,2.0238, は - *９〜 に - *９,37,マーク付きベベル,12.5,845,2395,−,−,(戸)門沢橋3丁目2048番　B号棟
カベ,2階,ホール,せっこうボード,GB-R,455.0×2395.0×12.5,1,1.0898, は -  ７〜 は - *７,44,ベベル,12.5,455,2395,−,−,(戸)門沢橋3丁目2048番　B号棟
カベ,2階,ホール,せっこうボード,GB-R,455.0×2395.0×12.5,1,1.0898, に -  ８〜 に - *８,39,ベベル,12.5,455,2395,−,−,(戸)門沢橋3丁目2048番　B号棟
カベ,2階,ホール,せっこうボード,GB-R,364.0×910.0×12.5,1,0.3313, は - *７〜 は - *８,45,ベベル,12.5,364,910,−,−,(戸)門沢橋3丁目2048番　B号棟
カベ,2階,ホール,せっこうボード,GB-R,364.0×857.5×12.5,1,0.3121, に - *８〜 に - *９,38,ベベル,12.5,364,857,−,−,(戸)門沢橋3丁目2048番　B号棟
カベ,2階,ホール,せっこうボード,GB-R,364.0×780.0×12.5,1,0.2839, は -  ６〜 に -  ６,42,ベベル,12.5,364,780,−,−,(戸)門沢橋3丁目2048番　B号棟
カベ,2階,ホール,せっこうボード,GB-R,318.0×857.5×12.5,1,0.2727, に -  ６〜 に -  ７,41,ベベル,12.5,318,857,−,−,(戸)門沢橋3丁目2048番　B号棟
カベ,2階,ホール,せっこうボード,GB-R,227.5×2395.0×12.5,1,0.5449,&ろ - *８〜 は - *８,46,ベベル,12.5,227,2395,−,−,(戸)門沢橋3丁目2048番　B号棟
カベ,2階,ホール,せっこうボード,GB-R,227.5×2395.0×12.5,1,0.5449,&ろ - *９〜 は - *９,36,ベベル,12.5,227,2395,−,−,(戸)門沢橋3丁目2048番　B号棟
カベ,2階,ホール,せっこうボード,GB-R,195.0×910.0×12.5,1,0.1775, は - *９〜 に - *９,212,ベベル,12.5,195,910,−,○,(戸)門沢橋3丁目2048番　B号棟
カベ,2階,ホール,せっこうボード,GB-R,65.0×195.0×12.5,1,0.0127, は - *９〜 に - *９,212,ベベル,12.5,65,195,−,○,(戸)門沢橋3丁目2048番　B号棟
カベ,2階,洋室A,せっこうボード,GB-R,910.0×2395.0×12.5,1,2.1795, ほ - *12〜 へ - *12,82,マーク付きベベル,12.5,910,2395,○,−,(戸)門沢橋3丁目2048番　B号棟
カベ,2階,洋室A,せっこうボード,GB-R,910.0×1113.0×12.5,1,1.0129, に -  10〜 に - *11,79,ベベル,12.5,910,1113,−,−,(戸)門沢橋3丁目2048番　B号棟
カベ,2階,洋室A,せっこうボード,GB-R,910.0×913.0×12.5,1,0.8308, と -  10〜 と - *11,86,ベベル,12.5,910,913,−,−,(戸)門沢橋3丁目2048番　B号棟
カベ,2階,洋室A,せっこうボード,GB-R,857.5×2395.0×12.5,1,2.0537, と - *11〜 と - *12,84,マーク付きベベル,12.5,857,2395,−,−,(戸)門沢橋3丁目2048番　B号棟
カベ,2階,洋室A,せっこうボード,GB-R,857.5×2395.0×12.5,1,2.0537, に - *11〜 に - *12,80,マーク付きベベル,12.5,857,2395,−,−,(戸)門沢橋3丁目2048番　B号棟
カベ,2階,洋室A,せっこうボード,GB-R,845.0×2395.0×12.5,1,2.0238, に - *12〜 ほ - *12,81,マーク付きベベル,12.5,845,2395,−,−,(戸)門沢橋3丁目2048番　B号棟
カベ,2階,洋室A,せっこうボード,GB-R,845.0×2395.0×12.5,1,2.0238, へ - *12〜 と - *12,83,マーク付きベベル,12.5,845,2395,−,−,(戸)門沢橋3丁目2048番　B号棟
カベ,2階,洋室A,せっこうボード,GB-R,630.0×2395.0×12.5,1,1.5089, と - $９〜 と -  10,87,マーク付きベベル,12.5,630,2395,−,−,(戸)門沢橋3丁目2048番　B号棟
カベ,2階,洋室A,せっこうボード,GB-R,455.0×2395.0×12.5,1,1.0898, に - *９〜 に -  10,77,ベベル,12.5,455,2395,−,−,(戸)門沢橋3丁目2048番　B号棟
カベ,2階,洋室A,せっこうボード,GB-R,455.0×1113.0×12.5,1,0.5064, に -  10〜 に - *11,79,ベベル,12.5,455,1113,−,−,(戸)門沢橋3丁目2048番　B号棟
カベ,2階,洋室A,せっこうボード,GB-R,364.0×857.5×12.5,1,0.3121, に - *８〜 に - *９,76,ベベル,12.5,364,857,−,−,(戸)門沢橋3丁目2048番　B号棟
カベ,2階,洋室A,せっこうボード,GB-R,348.0×910.0×12.5,1,0.3167, と -  10〜 と - *11,85,ベベル,12.5,348,910,−,−,(戸)門沢橋3丁目2048番　B号棟
カベ,2階,洋室A,せっこうボード,GB-R,347.0×910.0×12.5,1,0.3158, に -  10〜 に - *11,78,ベベル,12.5,347,910,−,−,(戸)門沢橋3丁目2048番　B号棟
カベ,2階,洋室A,せっこうボード,GB-R,455.0×913.0×12.5,1,0.4154, と -  10〜 と - *11,86,ベベル,12.5,455,913,−,−,(戸)門沢橋3丁目2048番　B号棟
カベ,2階,洋室A,せっこうボード,GB-R,348.0×455.0×12.5,1,0.1583, と -  10〜 と - *11,85,ベベル,12.5,348,455,−,−,(戸)門沢橋3丁目2048番　B号棟
カベ,2階,洋室A,せっこうボード,GB-R,347.0×455.0×12.5,1,0.1579, に -  10〜 に - *11,78,ベベル,12.5,347,455,−,−,(戸)門沢橋3丁目2048番　B号棟
カベ,2階,洋室A,せっこうボード,GB-R,195.0×910.0×12.5,1,0.1775, と -  10〜 と -  11,222,ベベル,12.5,195,910,−,○,(戸)門沢橋3丁目2048番　B号棟
カベ,2階,洋室A,せっこうボード,GB-R,195.0×910.0×12.5,1,0.1775, ほ - *12〜 へ - *12,218,ベベル,12.5,195,910,−,○,(戸)門沢橋3丁目2048番　B号棟
カベ,2階,洋室A,せっこうボード,GB-R,195.0×910.0×12.5,1,0.1775, に -  10〜 に -  11,214,ベベル,12.5,195,910,−,○,(戸)門沢橋3丁目2048番　B号棟
カベ,2階,洋室A,せっこうボード,GB-R,195.0×857.5×12.5,1,0.1672, と - *11〜 と - *12,220,ベベル,12.5,195,857,−,○,(戸)門沢橋3丁目2048番　B号棟
カベ,2階,洋室A,せっこうボード,GB-R,195.0×857.5×12.5,1,0.1672, に - *11〜 に - *12,216,ベベル,12.5,195,857,−,○,(戸)門沢橋3丁目2048番　B号棟
カベ,2階,洋室A,せっこうボード,GB-R,195.0×845.0×12.5,1,0.1648, に - *12〜 ほ - *12,217,ベベル,12.5,195,845,−,○,(戸)門沢橋3丁目2048番　B号棟
カベ,2階,洋室A,せっこうボード,GB-R,195.0×845.0×12.5,1,0.1648, へ - *12〜 と - *12,219,ベベル,12.5,195,845,−,○,(戸)門沢橋3丁目2048番　B号棟
カベ,2階,洋室A,せっこうボード,GB-R,195.0×682.5×12.5,1,0.1331, と - $９〜 と -  10,223,ベベル,12.5,195,682,−,○,(戸)門沢橋3丁目2048番　B号棟
カベ,2階,洋室A,せっこうボード,GB-R,195.0×507.5×12.5,1,0.099, に - *９〜 に -  10,213,ベベル,12.5,195,507,−,○,(戸)門沢橋3丁目2048番　B号棟
カベ,2階,洋室A,せっこうボード,GB-R,195.0×455.0×12.5,1,0.0887, と -  11〜 と - *11,221,ベベル,12.5,195,455,−,○,(戸)門沢橋3丁目2048番　B号棟
カベ,2階,洋室A,せっこうボード,GB-R,195.0×455.0×12.5,1,0.0887, に -  11〜 に - *11,215,ベベル,12.5,195,455,−,○,(戸)門沢橋3丁目2048番　B号棟
カベ,2階,洋室A,せっこうボード,GB-R,845.0×2395.0×12.5,1,2.0238, に - *８〜 ほ - *８,300,マーク付きベベル,12.5,845,2395,−,−,(戸)門沢橋3丁目2048番　B号棟
カベ,2階,洋室A,せっこうボード,GB-R,620.0×2395.0×12.5,1,1.4849, ほ - *８〜 ほ - $９,299,マーク付きベベル,12.5,620,2395,−,−,(戸)門沢橋3丁目2048番　B号棟
カベ,2階,洋室A,せっこうボード,GB-R,65.0×2346.0×12.5,1,0.1525, ほ - $９〜$ほ - $９,241,ベベル,12.5,65,2346,−,−,(戸)門沢橋3丁目2048番　B号棟
カベ,2階,洋室C,せっこうボード,GB-R,910.0×2395.0×12.5,1,2.1795, に -  ３〜 に -  ４,49,マーク付きベベル,12.5,910,2395,○,−,(戸)門沢橋3丁目2048番　B号棟
カベ,2階,洋室C,せっこうボード,GB-R,910.0×2395.0×12.5,1,2.1795, に -  ４〜 に -  ５,50,マーク付きベベル,12.5,910,2395,○,−,(戸)門沢橋3丁目2048番　B号棟
カベ,2階,洋室C,せっこうボード,GB-R,910.0×931.0×12.5,1,0.8472, と - *３〜 と - *５,58,ベベル,12.5,910,931,−,−,(戸)門沢橋3丁目2048番　B号棟
カベ,2階,洋室C,せっこうボード,GB-R,897.5×2395.0×12.5,1,2.1495, へ -  ７〜 と -  ７,54,マーク付きベベル,12.5,897,2395,−,−,(戸)門沢橋3丁目2048番　B号棟
カベ,2階,洋室C,せっこうボード,GB-R,857.5×2395.0×12.5,1,2.0537, と -  ６〜 と -  ７,55,マーク付きベベル,12.5,857,2395,−,−,(戸)門沢橋3丁目2048番　B号棟
カベ,2階,洋室C,せっこうボード,GB-R,857.5×2395.0×12.5,1,2.0537, と -  ２〜 と -  ３,60,マーク付きベベル,12.5,857,2395,−,−,(戸)門沢橋3丁目2048番　B号棟
カベ,2階,洋室C,せっこうボード,GB-R,857.5×2395.0×12.5,1,2.0537, に -  ２〜 に -  ３,48,マーク付きベベル,12.5,857,2395,−,−,(戸)門沢橋3丁目2048番　B号棟
カベ,2階,洋室C,せっこうボード,GB-R,617.5×2395.0×12.5,1,1.4789,$へ -  ２〜 と -  ２,61,マーク付きベベル,12.5,617,2395,−,−,(戸)門沢橋3丁目2048番　B号棟
カベ,2階,洋室C,せっこうボード,GB-R,455.0×2395.0×12.5,1,1.0898, と - *５〜 と -  ６,56,ベベル,12.5,455,2395,−,−,(戸)門沢橋3丁目2048番　B号棟
カベ,2階,洋室C,せっこうボード,GB-R,455.0×2395.0×12.5,1,1.0898, と -  ３〜 と - *３,59,ベベル,12.5,455,2395,−,−,(戸)門沢橋3丁目2048番　B号棟
カベ,2階,洋室C,せっこうボード,GB-R,455.0×2395.0×12.5,1,1.0898, に -  ５〜 に - *５,51,ベベル,12.5,455,2395,−,−,(戸)門沢橋3丁目2048番　B号棟
カベ,2階,洋室C,せっこうボード,GB-R,455.0×2395.0×12.5,1,1.0898, に - *５〜 に -  ６,52,ベベル,12.5,455,2395,−,−,(戸)門沢橋3丁目2048番　B号棟
カベ,2階,洋室C,せっこうボード,GB-R,330.0×910.0×12.5,1,0.3003, と - *３〜 と - *５,57,ベベル,12.5,330,910,−,−,(戸)門沢橋3丁目2048番　B号棟
カベ,2階,洋室C,せっこうボード,GB-R,327.0×910.0×12.5,1,0.2976,$に -  ２〜$へ -  ２,63,ベベル,12.5,327,910,−,−,(戸)門沢橋3丁目2048番　B号棟
カベ,2階,洋室C,せっこうボード,GB-R,318.0×910.0×12.5,1,0.2894, に -  ６〜 に -  ７,53,ベベル,12.5,318,910,−,−,(戸)門沢橋3丁目2048番　B号棟
カベ,2階,洋室C,せっこうボード,GB-R,229.0×910.0×12.5,1,0.2084,$に -  ２〜$へ -  ２,62,ベベル,12.5,229,910,−,−,(戸)門沢橋3丁目2048番　B号棟
カベ,2階,洋室C,せっこうボード,GB-R,229.0×910.0×12.5,1,0.2084,$に -  ２〜$へ -  ２,62,ベベル,12.5,229,910,−,−,(戸)門沢橋3丁目2048番　B号棟
カベ,2階,洋室C,せっこうボード,GB-R,162.5×2395.0×12.5,1,0.3892, に -  ２〜$に -  ２,64,ベベル,12.5,162,2395,−,−,(戸)門沢橋3丁目2048番　B号棟
カベ,2階,洋室C,せっこうボード,GB-R,910.0×931.0×12.5,1,0.8472, と - *３〜 と - *５,58,ベベル,12.5,910,931,−,−,(戸)門沢橋3丁目2048番　B号棟
カベ,2階,洋室C,せっこうボード,GB-R,330.0×910.0×12.5,1,0.3003, と - *３〜 と - *５,57,ベベル,12.5,330,910,−,−,(戸)門沢橋3丁目2048番　B号棟
カベ,2階,洋室C,せっこうボード,GB-R,327.0×910.0×12.5,1,0.2976,$に -  ２〜$へ -  ２,63,ベベル,12.5,327,910,−,−,(戸)門沢橋3丁目2048番　B号棟
カベ,2階,洋室C,せっこうボード,GB-R,195.0×910.0×12.5,1,0.1775,$に -  ２〜$ほ -  ２,235,ベベル,12.5,195,910,−,○,(戸)門沢橋3丁目2048番　B号棟
カベ,2階,洋室C,せっこうボード,GB-R,195.0×910.0×12.5,1,0.1775,$ほ -  ２〜$へ -  ２,234,ベベル,12.5,195,910,−,−,(戸)門沢橋3丁目2048番　B号棟
カベ,2階,洋室C,せっこうボード,GB-R,195.0×910.0×12.5,1,0.1775, と -  ６〜 と -  ７,227,ベベル,12.5,195,910,−,○,(戸)門沢橋3丁目2048番　B号棟
カベ,2階,洋室C,せっこうボード,GB-R,195.0×910.0×12.5,1,0.1775, と - *３〜 と - *４,230,ベベル,12.5,195,910,−,○,(戸)門沢橋3丁目2048番　B号棟
カベ,2階,洋室C,せっこうボード,GB-R,195.0×910.0×12.5,1,0.1775, と - *４〜 と - *５,229,ベベル,12.5,195,910,−,○,(戸)門沢橋3丁目2048番　B号棟
カベ,2階,洋室C,せっこうボード,GB-R,195.0×857.5×12.5,1,0.1672, と -  ２〜 と -  ３,232,ベベル,12.5,195,857,−,○,(戸)門沢橋3丁目2048番　B号棟
カベ,2階,洋室C,せっこうボード,GB-R,195.0×617.5×12.5,1,0.1204,$へ -  ２〜 と -  ２,233,ベベル,12.5,195,617,−,○,(戸)門沢橋3丁目2048番　B号棟
カベ,2階,洋室C,せっこうボード,GB-R,195.0×455.0×12.5,1,0.0887, と - *５〜 と -  ６,228,ベベル,12.5,195,455,−,○,(戸)門沢橋3丁目2048番　B号棟
カベ,2階,洋室C,せっこうボード,GB-R,195.0×455.0×12.5,1,0.0887, と -  ３〜 と - *３,231,ベベル,12.5,195,455,−,○,(戸)門沢橋3丁目2048番　B号棟
カベ,2階,洋室C,せっこうボード,GB-R,195.0×227.5×12.5,1,0.0444, に -  ２〜$に -  ２,236,ベベル,12.5,195,227,−,○,(戸)門沢橋3丁目2048番　B号棟
カベ,2階,洋室B,せっこうボード,GB-R,910.0×2395.0×12.5,1,2.1795,*い -  ５〜*い -  ６,4,マーク付きベベル,12.5,910,2395,○,−,(戸)門沢橋3丁目2048番　B号棟
カベ,2階,洋室B,せっこうボード,GB-R,910.0×2395.0×12.5,1,2.1795, に -  ３〜 に -  ４,10,マーク付きベベル,12.5,910,2395,○,−,(戸)門沢橋3丁目2048番　B号棟
カベ,2階,洋室B,せっこうボード,GB-R,910.0×2395.0×12.5,1,2.1795, に -  ４〜 に -  ５,9,マーク付きベベル,12.5,910,2395,○,−,(戸)門沢橋3丁目2048番　B号棟
カベ,2階,洋室B,せっこうボード,GB-R,910.0×931.0×12.5,1,0.8472,*い -  ３〜*い -  ５,3,ベベル,12.5,910,931,−,−,(戸)門沢橋3丁目2048番　B号棟
カベ,2階,洋室B,せっこうボード,GB-R,857.5×2395.0×12.5,1,2.0537,*い -  ２〜*い -  ３,1,マーク付きベベル,12.5,857,2395,−,−,(戸)門沢橋3丁目2048番　B号棟
カベ,2階,洋室B,せっこうボード,GB-R,857.5×2395.0×12.5,1,2.0537, に -  ２〜 に -  ３,11,マーク付きベベル,12.5,857,2395,−,−,(戸)門沢橋3丁目2048番　B号棟
カベ,2階,洋室B,せっこうボード,GB-R,617.5×2395.0×12.5,1,1.4789,*い -  ２〜$ろ -  ２,15,マーク付きベベル,12.5,617,2395,−,−,(戸)門沢橋3丁目2048番　B号棟
カベ,2階,洋室B,せっこうボード,GB-R,455.0×2395.0×12.5,1,1.0898, に -  ５〜 に - *５,8,ベベル,12.5,455,2395,−,−,(戸)門沢橋3丁目2048番　B号棟
カベ,2階,洋室B,せっこうボード,GB-R,402.5×2395.0×12.5,1,0.964, に - *５〜 に -  ６,7,ベベル,12.5,402,2395,−,−,(戸)門沢橋3丁目2048番　B号棟
カベ,2階,洋室B,せっこうボード,GB-R,364.0×845.0×12.5,1,0.3076, は -  ６〜 に -  ６,6,ベベル,12.5,364,845,−,−,(戸)門沢橋3丁目2048番　B号棟
カベ,2階,洋室B,せっこうボード,GB-R,330.0×910.0×12.5,1,0.3003,*い -  ３〜*い -  ５,2,ベベル,12.5,330,910,−,−,(戸)門沢橋3丁目2048番　B号棟
カベ,2階,洋室B,せっこうボード,GB-R,327.0×910.0×12.5,1,0.2976,$ろ -  ２〜&は -  ２,14,ベベル,12.5,327,910,−,−,(戸)門沢橋3丁目2048番　B号棟
カベ,2階,洋室B,せっこうボード,GB-R,229.0×910.0×12.5,1,0.2084,$ろ -  ２〜&は -  ２,13,ベベル,12.5,229,910,−,−,(戸)門沢橋3丁目2048番　B号棟
カベ,2階,洋室B,せっこうボード,GB-R,162.5×2395.0×12.5,1,0.3892,&は -  ２〜 に -  ２,12,ベベル,12.5,162,2395,−,−,(戸)門沢橋3丁目2048番　B号棟
カベ,2階,洋室B,せっこうボード,GB-R,128.0×2346.0×12.5,1,0.3003,&ろ -  ６〜 は -  ６,5,ベベル,12.5,128,2346,−,−,(戸)門沢橋3丁目2048番　B号棟
カベ,2階,洋室B,せっこうボード,GB-R,910.0×931.0×12.5,1,0.8472,*い -  ３〜*い -  ５,3,ベベル,12.5,910,931,−,−,(戸)門沢橋3丁目2048番　B号棟
カベ,2階,洋室B,せっこうボード,GB-R,330.0×910.0×12.5,1,0.3003,*い -  ３〜*い -  ５,2,ベベル,12.5,330,910,−,−,(戸)門沢橋3丁目2048番　B号棟
カベ,2階,洋室B,せっこうボード,GB-R,327.0×455.0×12.5,1,0.1488,$ろ -  ２〜&は -  ２,14,ベベル,12.5,327,455,−,−,(戸)門沢橋3丁目2048番　B号棟
カベ,2階,洋室B,せっこうボード,GB-R,229.0×455.0×12.5,1,0.1042,$ろ -  ２〜&は -  ２,13,ベベル,12.5,229,455,−,−,(戸)門沢橋3丁目2048番　B号棟
カベ,2階,洋室B,せっこうボード,GB-R,195.0×910.0×12.5,1,0.1775,$ろ -  ２〜$は -  ２,239,ベベル,12.5,195,910,−,○,(戸)門沢橋3丁目2048番　B号棟
カベ,2階,洋室B,せっこうボード,GB-R,195.0×910.0×12.5,1,0.1775,*い -  ３〜*い -  ４,202,ベベル,12.5,195,910,−,○,(戸)門沢橋3丁目2048番　B号棟
カベ,2階,洋室B,せっこうボード,GB-R,195.0×910.0×12.5,1,0.1775,*い -  ４〜*い -  ５,203,ベベル,12.5,195,910,−,○,(戸)門沢橋3丁目2048番　B号棟
カベ,2階,洋室B,せっこうボード,GB-R,195.0×910.0×12.5,1,0.1775,*い -  ５〜*い -  ６,204,ベベル,12.5,195,910,−,○,(戸)門沢橋3丁目2048番　B号棟
カベ,2階,洋室B,せっこうボード,GB-R,195.0×857.5×12.5,1,0.1672,*い -  ２〜*い -  ３,201,ベベル,12.5,195,857,−,○,(戸)門沢橋3丁目2048番　B号棟
カベ,2階,洋室B,せっこうボード,GB-R,195.0×617.5×12.5,1,0.1204,*い -  ２〜$ろ -  ２,240,ベベル,12.5,195,617,−,○,(戸)門沢橋3丁目2048番　B号棟
カベ,2階,洋室B,せっこうボード,GB-R,195.0×455.0×12.5,1,0.0887,$は -  ２〜&は -  ２,238,ベベル,12.5,195,455,−,○,(戸)門沢橋3丁目2048番　B号棟
カベ,2階,洋室B,せっこうボード,GB-R,195.0×227.5×12.5,1,0.0444,&は -  ２〜 に -  ２,237,ベベル,12.5,195,227,−,○,(戸)門沢橋3丁目2048番　B号棟
カベ,2階,物入B,せっこうボード,GB-R,910.0×2395.0×12.5,1,2.1795, は -  ６〜 は -  ７,19,マーク付きベベル,12.5,910,2395,○,−,(戸)門沢橋3丁目2048番　B号棟
カベ,2階,物入B,せっこうボード,GB-R,845.0×2395.0×12.5,1,2.0238, い -  ７〜 ろ -  ７,17,マーク付きベベル,12.5,845,2395,−,−,(戸)門沢橋3丁目2048番　B号棟
カベ,2階,物入B,せっこうボード,GB-R,845.0×2395.0×12.5,1,2.0238, ろ -  ７〜 は -  ７,18,マーク付きベベル,12.5,845,2395,−,−,(戸)門沢橋3丁目2048番　B号棟
カベ,2階,物入B,せっこうボード,GB-R,805.0×2395.0×12.5,1,1.928, い -  ６〜 い -  ７,16,マーク付きベベル,12.5,805,2395,−,−,(戸)門沢橋3丁目2048番　B号棟
カベ,2階,物入B,せっこうボード,GB-R,455.0×2395.0×12.5,1,1.0898, い -  ６〜*い -  ６,20,ベベル,12.5,455,2395,−,−,(戸)門沢橋3丁目2048番　B号棟
カベ,2階,物入B,せっこうボード,GB-R,195.0×857.5×12.5,1,0.1672, い -  ６〜 い -  ７,206,ベベル,12.5,195,857,−,○,(戸)門沢橋3丁目2048番　B号棟
カベ,2階,物入B,せっこうボード,GB-R,195.0×455.0×12.5,1,0.0887, い -  ６〜*い -  ６,205,ベベル,12.5,195,455,−,○,(戸)門沢橋3丁目2048番　B号棟
カベ,2階,物入A,せっこうボード,GB-R,845.0×2395.0×12.5,1,2.0238, へ - *８〜 と - *８,75,マーク付きベベル,12.5,845,2395,−,−,(戸)門沢橋3丁目2048番　B号棟
カベ,2階,物入A,せっこうボード,GB-R,620.0×2395.0×12.5,1,1.4849, ほ - *８〜 ほ - $９,73,マーク付きベベル,12.5,620,2395,−,−,(戸)門沢橋3丁目2048番　B号棟
カベ,2階,物入A,せっこうボード,GB-R,577.5×2395.0×12.5,1,1.3831, と - *８〜 と - $９,74,ベベル,12.5,577,2395,−,−,(戸)門沢橋3丁目2048番　B号棟
カベ,2階,物入A,せっこうボード,GB-R,195.0×682.5×12.5,1,0.1331, と - *８〜 と - $９,224,ベベル,12.5,195,682,−,○,(戸)門沢橋3丁目2048番　B号棟
カベ,2階,物入A,せっこうボード,GB-R,910.0×2395.0×12.5,1,2.1795, ほ - *８〜 へ - *８,285,マーク付きベベル,12.5,910,2395,○,−,(戸)門沢橋3丁目2048番　B号棟
カベ,2階,W･I･C,せっこうボード,GB-R,910.0×2395.0×12.5,1,2.1795, ほ - *８〜 へ - *８,68,マーク付きベベル,12.5,910,2395,○,−,(戸)門沢橋3丁目2048番　B号棟
カベ,2階,W･I･C,せっこうボード,GB-R,910.0×2395.0×12.5,1,2.1795, に -  ７〜 に -  ８,65,マーク付きベベル,12.5,910,2395,○,−,(戸)門沢橋3丁目2048番　B号棟
カベ,2階,W･I･C,せっこうボード,GB-R,897.5×2395.0×12.5,1,2.1495, へ -  ７〜 と -  ７,72,マーク付きベベル,12.5,897,2395,−,−,(戸)門沢橋3丁目2048番　B号棟
カベ,2階,W･I･C,せっこうボード,GB-R,857.5×2395.0×12.5,1,2.0537, と -  ７〜 と -  ８,71,マーク付きベベル,12.5,857,2395,−,−,(戸)門沢橋3丁目2048番　B号棟
カベ,2階,W･I･C,せっこうボード,GB-R,845.0×2395.0×12.5,1,2.0238, に - *８〜 ほ - *８,67,マーク付きベベル,12.5,845,2395,−,−,(戸)門沢橋3丁目2048番　B号棟
カベ,2階,W･I･C,せっこうボード,GB-R,845.0×2395.0×12.5,1,2.0238, へ - *８〜 と - *８,69,マーク付きベベル,12.5,845,2395,−,−,(戸)門沢橋3丁目2048番　B号棟
カベ,2階,W･I･C,せっこうボード,GB-R,402.5×2395.0×12.5,1,0.964, と -  ８〜 と - *８,70,ベベル,12.5,402,2395,−,−,(戸)門沢橋3丁目2048番　B号棟
カベ,2階,W･I･C,せっこうボード,GB-R,402.5×2395.0×12.5,1,0.964, に -  ８〜 に - *８,66,ベベル,12.5,402,2395,−,−,(戸)門沢橋3丁目2048番　B号棟
カベ,2階,W･I･C,せっこうボード,GB-R,195.0×910.0×12.5,1,0.1775, と -  ７〜 と -  ８,226,ベベル,12.5,195,910,−,○,(戸)門沢橋3丁目2048番　B号棟
カベ,2階,W･I･C,せっこうボード,GB-R,195.0×455.0×12.5,1,0.0887, と -  ８〜 と - *８,225,ベベル,12.5,195,455,−,○,(戸)門沢橋3丁目2048番　B号棟
カベ,1階,補足材,せっこうボード,GB-R,910.0×2395.0×12.5,3,2.1795,先行ボード,,マーク付きベベル,12.5,910,2395,○,○,(戸)門沢橋3丁目2048番　B号棟
カベ,1階,補足材,せっこうボード,GB-R,910.0×2395.0×12.5,3,2.1795,補足材,,マーク付きベベル,12.5,910,2395,○,−,(戸)門沢橋3丁目2048番　B号棟
カベ,2階,補足材,せっこうボード,GB-R,910.0×2395.0×12.5,3,2.1795,先行ボード,,マーク付きベベル,12.5,910,2395,○,○,(戸)門沢橋3丁目2048番　B号棟
カベ,2階,補足材,せっこうボード,GB-R,910.0×2395.0×12.5,3,2.1795,補足材,,マーク付きベベル,12.5,910,2395,○,−,(戸)門沢橋3丁目2048番　B号棟
テンジョウ,1階,補足材,せっこうボード,GB-R,910.0×1820.0×9.5,3,1.6562,補足材,,ベベル,9.5,910,1820,○,−,(戸)門沢橋3丁目2048番　B号棟
テンジョウ,2階,補足材,せっこうボード,GB-R,910.0×1820.0×9.5,3,1.6562,補足材,,ベベル,9.5,910,1820,○,−,(戸)門沢橋3丁目2048番　B号棟
カベ,1階,出隅部,コーナーボード,GB-R,65.0×2395.0×12.5,7,0.1533,コーナーボード,,コーナーボード,12.5,65,2395,○,−,(戸)門沢橋3丁目2048番　B号棟
カベ,2階,出隅部,コーナーボード,GB-R,65.0×2395.0×12.5,4,0.1533,コーナーボード,,コーナーボード,12.5,65,2395,○,−,(戸)門沢橋3丁目2048番　B号棟
カベ,1階,建具部分の下地材,せっこうボード,GB-R,105.0×2395.0×12.5,10,2.1795,先行ボード,,ベベル,12.5,105,2395,−,○,(戸)門沢橋3丁目2048番　B号棟
カベ,2階,建具部分の下地材,せっこうボード,GB-R,105.0×2395.0×12.5,10,2.1795,先行ボード,,ベベル,12.5,105,2395,−,○,(戸)門沢橋3丁目2048番　B号棟
テンジョウ,1階,階段下,せっこうボード,GB-R,910.0×1820.0×9.5,3,1.6562,階段下,,ベベル,9.5,910,1820,○,−,(戸)門沢橋3丁目2048番　B号棟
